file_name,label
idx0001.png,1
idx0002.png,0
idx0003.png,8
idx0004.png,3
idx0005.png,5
idx0006.png,9
idx0007.png,2
idx0008.png,4
idx0009.png,5
idx0010.png,4
idx0011.png,8
idx0012.png,7
idx0013.png,2
idx0014.png,4
idx0015.png,3
idx0016.png,6
idx0017.png,6
idx0018.png,5
idx0019.png,6
idx0020.png,6
idx0021.png,4
idx0022.png,0
idx0023.png,4
idx0024.png,4
idx0025.png,2
idx0026.png,7
idx0027.png,2
idx0028.png,0
idx0029.png,1
idx0030.png,4
idx0031.png,2
idx0032.png,3
idx0033.png,8
idx0034.png,2
idx0035.png,9
idx0036.png,3
idx0037.png,2
idx0038.png,6
idx0039.png,1
idx0040.png,9
idx0041.png,1
idx0042.png,6
idx0043.png,7
idx0044.png,8
idx0045.png,9
idx0046.png,3
idx0047.png,3
idx0048.png,3
idx0049.png,2
idx0050.png,8
idx0051.png,0
idx0052.png,1
idx0053.png,0
idx0054.png,5
idx0055.png,6
idx0056.png,6
idx0057.png,0
idx0058.png,3
idx0059.png,9
idx0060.png,0
idx0061.png,5
idx0062.png,9
idx0063.png,8
idx0064.png,8
idx0065.png,6
idx0066.png,2
idx0067.png,5
idx0068.png,7
idx0069.png,8
idx0070.png,2
idx0071.png,1
idx0072.png,1
idx0073.png,3
idx0074.png,8
idx0075.png,1
idx0076.png,2
idx0077.png,9
idx0078.png,8
idx0079.png,8
idx0080.png,2
idx0081.png,5
idx0082.png,5
idx0083.png,3
idx0084.png,8
idx0085.png,9
idx0086.png,7
idx0087.png,2
idx0088.png,4
idx0089.png,6
idx0090.png,8
idx0091.png,4
idx0092.png,7
idx0093.png,7
idx0094.png,3
idx0095.png,3
idx0096.png,4
idx0097.png,5
idx0098.png,1
idx0099.png,0
idx0100.png,6
idx0101.png,8
idx0102.png,7
idx0103.png,1
idx0104.png,5
idx0105.png,0
idx0106.png,6
idx0107.png,7
idx0108.png,9
idx0109.png,5
idx0110.png,2
idx0111.png,9
idx0112.png,9
idx0113.png,4
idx0114.png,0
idx0115.png,7
idx0116.png,3
idx0117.png,1
idx0118.png,0
idx0119.png,4
idx0120.png,7
idx0121.png,2
idx0122.png,9
idx0123.png,7
idx0124.png,9
idx0125.png,6
idx0126.png,1
idx0127.png,9
idx0128.png,7
idx0129.png,3
idx0130.png,2
idx0131.png,2
idx0132.png,4
idx0133.png,7
idx0134.png,3
idx0135.png,6
idx0136.png,5
idx0137.png,8
idx0138.png,3
idx0139.png,1
idx0140.png,0
idx0141.png,4
idx0142.png,5
idx0143.png,5
idx0144.png,1
idx0145.png,7
idx0146.png,4
idx0147.png,1
idx0148.png,5
idx0149.png,2
idx0150.png,0
idx0151.png,9
idx0152.png,9
idx0153.png,2
idx0154.png,0
idx0155.png,7
idx0156.png,5
idx0157.png,1
idx0158.png,4
idx0159.png,3
idx0160.png,9
idx0161.png,4
idx0162.png,8
idx0163.png,6
idx0164.png,6
idx0165.png,6
idx0166.png,6
idx0167.png,3
idx0168.png,3
idx0169.png,7
idx0170.png,1
idx0171.png,4
idx0172.png,8
idx0173.png,5
idx0174.png,7
idx0175.png,3
idx0176.png,3
idx0177.png,2
idx0178.png,7
idx0179.png,6
idx0180.png,8
idx0181.png,8
idx0182.png,6
idx0183.png,7
idx0184.png,8
idx0185.png,8
idx0186.png,4
idx0187.png,3
idx0188.png,1
idx0189.png,5
idx0190.png,7
idx0191.png,2
idx0192.png,4
idx0193.png,5
idx0194.png,4
idx0195.png,6
idx0196.png,4
idx0197.png,1
idx0198.png,2
idx0199.png,2
idx0200.png,4
idx0201.png,1
idx0202.png,4
idx0203.png,1
idx0204.png,3
idx0205.png,6
idx0206.png,8
idx0207.png,3
idx0208.png,3
idx0209.png,1
idx0210.png,8
idx0211.png,3
idx0212.png,6
idx0213.png,5
idx0214.png,0
idx0215.png,5
idx0216.png,8
idx0217.png,6
idx0218.png,9
idx0219.png,1
idx0220.png,0
idx0221.png,2
idx0222.png,0
idx0223.png,5
idx0224.png,9
idx0225.png,1
idx0226.png,7
idx0227.png,9
idx0228.png,8
idx0229.png,9
idx0230.png,1
idx0231.png,1
idx0232.png,2
idx0233.png,3
idx0234.png,3
idx0235.png,9
idx0236.png,9
idx0237.png,4
idx0238.png,7
idx0239.png,1
idx0240.png,5
idx0241.png,2
idx0242.png,6
idx0243.png,9
idx0244.png,3
idx0245.png,1
idx0246.png,1
idx0247.png,3
idx0248.png,7
idx0249.png,7
idx0250.png,6
idx0251.png,0
idx0252.png,4
idx0253.png,7
idx0254.png,9
idx0255.png,2
idx0256.png,6
idx0257.png,5
idx0258.png,3
idx0259.png,2
idx0260.png,1
idx0261.png,4
idx0262.png,1
idx0263.png,2
idx0264.png,6
idx0265.png,1
idx0266.png,9
idx0267.png,3
idx0268.png,7
idx0269.png,2
idx0270.png,9
idx0271.png,9
idx0272.png,6
idx0273.png,7
idx0274.png,7
idx0275.png,1
idx0276.png,7
idx0277.png,6
idx0278.png,4
idx0279.png,7
idx0280.png,5
idx0281.png,4
idx0282.png,7
idx0283.png,6
idx0284.png,4
idx0285.png,9
idx0286.png,1
idx0287.png,7
idx0288.png,7
idx0289.png,4
idx0290.png,9
idx0291.png,2
idx0292.png,0
idx0293.png,7
idx0294.png,5
idx0295.png,2
idx0296.png,8
idx0297.png,0
idx0298.png,5
idx0299.png,9
idx0300.png,0
idx0301.png,8
idx0302.png,9
idx0303.png,9
idx0304.png,7
idx0305.png,7
idx0306.png,3
idx0307.png,2
idx0308.png,5
idx0309.png,5
idx0310.png,6
idx0311.png,6
idx0312.png,0
idx0313.png,2
idx0314.png,7
idx0315.png,7
idx0316.png,7
idx0317.png,0
idx0318.png,6
idx0319.png,6
idx0320.png,7
idx0321.png,9
idx0322.png,6
idx0323.png,4
idx0324.png,2
idx0325.png,1
idx0326.png,1
idx0327.png,0
idx0328.png,4
idx0329.png,6
idx0330.png,5
idx0331.png,5
idx0332.png,0
idx0333.png,1
idx0334.png,2
idx0335.png,7
idx0336.png,5
idx0337.png,9
idx0338.png,5
idx0339.png,1
idx0340.png,5
idx0341.png,3
idx0342.png,3
idx0343.png,2
idx0344.png,6
idx0345.png,9
idx0346.png,6
idx0347.png,9
idx0348.png,2
idx0349.png,2
idx0350.png,8
idx0351.png,7
idx0352.png,6
idx0353.png,2
idx0354.png,7
idx0355.png,9
idx0356.png,8
idx0357.png,6
idx0358.png,2
idx0359.png,6
idx0360.png,7
idx0361.png,5
idx0362.png,9
idx0363.png,0
idx0364.png,8
idx0365.png,5
idx0366.png,5
idx0367.png,9
idx0368.png,3
idx0369.png,7
idx0370.png,4
idx0371.png,8
idx0372.png,1
idx0373.png,0
idx0374.png,8
idx0375.png,8
idx0376.png,9
idx0377.png,7
idx0378.png,5
idx0379.png,8
idx0380.png,9
idx0381.png,9
idx0382.png,2
idx0383.png,6
idx0384.png,8
idx0385.png,9
idx0386.png,6
idx0387.png,0
idx0388.png,9
idx0389.png,4
idx0390.png,2
idx0391.png,4
idx0392.png,1
idx0393.png,9
idx0394.png,9
idx0395.png,0
idx0396.png,4
idx0397.png,6
idx0398.png,9
idx0399.png,2
idx0400.png,8
idx0401.png,6
idx0402.png,4
idx0403.png,4
idx0404.png,3
idx0405.png,1
idx0406.png,3
idx0407.png,8
idx0408.png,5
idx0409.png,3
idx0410.png,0
idx0411.png,2
idx0412.png,1
idx0413.png,8
idx0414.png,8
idx0415.png,3
idx0416.png,8
idx0417.png,5
idx0418.png,1
idx0419.png,1
idx0420.png,0
idx0421.png,8
idx0422.png,5
idx0423.png,0
idx0424.png,3
idx0425.png,1
idx0426.png,4
idx0427.png,4
idx0428.png,7
idx0429.png,9
idx0430.png,5
idx0431.png,0
idx0432.png,3
idx0433.png,3
idx0434.png,3
idx0435.png,1
idx0436.png,9
idx0437.png,0
idx0438.png,2
idx0439.png,9
idx0440.png,4
idx0441.png,4
idx0442.png,9
idx0443.png,9
idx0444.png,0
idx0445.png,1
idx0446.png,4
idx0447.png,3
idx0448.png,7
idx0449.png,2
idx0450.png,8
idx0451.png,8
idx0452.png,1
idx0453.png,5
idx0454.png,4
idx0455.png,2
idx0456.png,3
idx0457.png,4
idx0458.png,0
idx0459.png,7
idx0460.png,4
idx0461.png,8
idx0462.png,4
idx0463.png,2
idx0464.png,3
idx0465.png,3
idx0466.png,1
idx0467.png,8
idx0468.png,8
idx0469.png,7
idx0470.png,4
idx0471.png,2
idx0472.png,2
idx0473.png,9
idx0474.png,4
idx0475.png,6
idx0476.png,1
idx0477.png,9
idx0478.png,1
idx0479.png,5
idx0480.png,9
idx0481.png,6
idx0482.png,2
idx0483.png,5
idx0484.png,6
idx0485.png,3
idx0486.png,0
idx0487.png,7
idx0488.png,0
idx0489.png,9
idx0490.png,5
idx0491.png,1
idx0492.png,4
idx0493.png,1
idx0494.png,6
idx0495.png,9
idx0496.png,2
idx0497.png,9
idx0498.png,9
idx0499.png,4
idx0500.png,7
idx0501.png,8
idx0502.png,2
idx0503.png,7
idx0504.png,3
idx0505.png,1
idx0506.png,3
idx0507.png,9
idx0508.png,1
idx0509.png,4
idx0510.png,6
idx0511.png,2
idx0512.png,9
idx0513.png,7
idx0514.png,9
idx0515.png,7
idx0516.png,3
idx0517.png,4
idx0518.png,2
idx0519.png,1
idx0520.png,2
idx0521.png,7
idx0522.png,1
idx0523.png,6
idx0524.png,4
idx0525.png,9
idx0526.png,1
idx0527.png,5
idx0528.png,6
idx0529.png,4
idx0530.png,7
idx0531.png,7
idx0532.png,3
idx0533.png,6
idx0534.png,5
idx0535.png,6
idx0536.png,0
idx0537.png,3
idx0538.png,6
idx0539.png,0
idx0540.png,5
idx0541.png,1
idx0542.png,6
idx0543.png,2
idx0544.png,3
idx0545.png,2
idx0546.png,7
idx0547.png,6
idx0548.png,4
idx0549.png,6
idx0550.png,0
idx0551.png,9
idx0552.png,5
idx0553.png,5
idx0554.png,3
idx0555.png,8
idx0556.png,3
idx0557.png,8
idx0558.png,9
idx0559.png,3
idx0560.png,0
idx0561.png,0
idx0562.png,3
idx0563.png,5
idx0564.png,8
idx0565.png,2
idx0566.png,9
idx0567.png,8
idx0568.png,7
idx0569.png,5
idx0570.png,4
idx0571.png,1
idx0572.png,2
idx0573.png,2
idx0574.png,3
idx0575.png,9
idx0576.png,0
idx0577.png,0
idx0578.png,7
idx0579.png,2
idx0580.png,1
idx0581.png,7
idx0582.png,1
idx0583.png,8
idx0584.png,2
idx0585.png,8
idx0586.png,0
idx0587.png,3
idx0588.png,7
idx0589.png,9
idx0590.png,6
idx0591.png,8
idx0592.png,6
idx0593.png,4
idx0594.png,6
idx0595.png,9
idx0596.png,5
idx0597.png,3
idx0598.png,9
idx0599.png,5
idx0600.png,7
idx0601.png,7
idx0602.png,9
idx0603.png,8
idx0604.png,9
idx0605.png,3
idx0606.png,8
idx0607.png,2
idx0608.png,2
idx0609.png,6
idx0610.png,0
idx0611.png,8
idx0612.png,4
idx0613.png,7
idx0614.png,8
idx0615.png,7
idx0616.png,7
idx0617.png,7
idx0618.png,8
idx0619.png,7
idx0620.png,8
idx0621.png,8
idx0622.png,8
idx0623.png,2
idx0624.png,8
idx0625.png,5
idx0626.png,5
idx0627.png,4
idx0628.png,9
idx0629.png,7
idx0630.png,3
idx0631.png,5
idx0632.png,0
idx0633.png,9
idx0634.png,1
idx0635.png,6
idx0636.png,9
idx0637.png,2
idx0638.png,3
idx0639.png,3
idx0640.png,1
idx0641.png,7
idx0642.png,6
idx0643.png,6
idx0644.png,9
idx0645.png,0
idx0646.png,3
idx0647.png,3
idx0648.png,1
idx0649.png,7
idx0650.png,4
idx0651.png,8
idx0652.png,3
idx0653.png,2
idx0654.png,4
idx0655.png,7
idx0656.png,7
idx0657.png,0
idx0658.png,0
idx0659.png,1
idx0660.png,8
idx0661.png,3
idx0662.png,6
idx0663.png,0
idx0664.png,6
idx0665.png,3
idx0666.png,3
idx0667.png,1
idx0668.png,7
idx0669.png,5
idx0670.png,4
idx0671.png,1
idx0672.png,3
idx0673.png,9
idx0674.png,1
idx0675.png,9
idx0676.png,8
idx0677.png,7
idx0678.png,7
idx0679.png,8
idx0680.png,2
idx0681.png,1
idx0682.png,4
idx0683.png,8
idx0684.png,4
idx0685.png,3
idx0686.png,4
idx0687.png,0
idx0688.png,0
idx0689.png,0
idx0690.png,5
idx0691.png,5
idx0692.png,0
idx0693.png,9
idx0694.png,7
idx0695.png,2
idx0696.png,4
idx0697.png,3
idx0698.png,3
idx0699.png,6
idx0700.png,6
idx0701.png,3
idx0702.png,0
idx0703.png,6
idx0704.png,2
idx0705.png,7
idx0706.png,1
idx0707.png,4
idx0708.png,9
idx0709.png,2
idx0710.png,6
idx0711.png,6
idx0712.png,0
idx0713.png,0
idx0714.png,3
idx0715.png,9
idx0716.png,6
idx0717.png,3
idx0718.png,3
idx0719.png,5
idx0720.png,5
idx0721.png,6
idx0722.png,3
idx0723.png,3
idx0724.png,3
idx0725.png,4
idx0726.png,0
idx0727.png,6
idx0728.png,5
idx0729.png,5
idx0730.png,7
idx0731.png,7
idx0732.png,6
idx0733.png,0
idx0734.png,0
idx0735.png,9
idx0736.png,1
idx0737.png,1
idx0738.png,9
idx0739.png,3
idx0740.png,5
idx0741.png,7
idx0742.png,0
idx0743.png,4
idx0744.png,2
idx0745.png,1
idx0746.png,7
idx0747.png,3
idx0748.png,0
idx0749.png,0
idx0750.png,6
idx0751.png,3
idx0752.png,6
idx0753.png,7
idx0754.png,1
idx0755.png,4
idx0756.png,1
idx0757.png,1
idx0758.png,7
idx0759.png,0
idx0760.png,7
idx0761.png,3
idx0762.png,4
idx0763.png,2
idx0764.png,2
idx0765.png,2
idx0766.png,0
idx0767.png,5
idx0768.png,1
idx0769.png,9
idx0770.png,0
idx0771.png,3
idx0772.png,7
idx0773.png,1
idx0774.png,1
idx0775.png,9
idx0776.png,5
idx0777.png,4
idx0778.png,7
idx0779.png,2
idx0780.png,0
idx0781.png,1
idx0782.png,6
idx0783.png,6
idx0784.png,2
idx0785.png,1
idx0786.png,0
idx0787.png,1
idx0788.png,3
idx0789.png,0
idx0790.png,2
idx0791.png,3
idx0792.png,0
idx0793.png,1
idx0794.png,4
idx0795.png,2
idx0796.png,7
idx0797.png,3
idx0798.png,2
idx0799.png,7
idx0800.png,0
idx0801.png,1
idx0802.png,0
idx0803.png,2
idx0804.png,1
idx0805.png,1
idx0806.png,7
idx0807.png,0
idx0808.png,1
idx0809.png,3
idx0810.png,3
idx0811.png,1
idx0812.png,7
idx0813.png,2
idx0814.png,6
idx0815.png,2
idx0816.png,2
idx0817.png,0
idx0818.png,3
idx0819.png,3
idx0820.png,7
idx0821.png,6
idx0822.png,2
idx0823.png,0
idx0824.png,5
idx0825.png,4
idx0826.png,7
idx0827.png,6
idx0828.png,6
idx0829.png,7
idx0830.png,0
idx0831.png,0
idx0832.png,2
idx0833.png,3
idx0834.png,1
idx0835.png,3
idx0836.png,4
idx0837.png,0
idx0838.png,2
idx0839.png,6
idx0840.png,0
idx0841.png,6
idx0842.png,6
idx0843.png,5
idx0844.png,6
idx0845.png,5
idx0846.png,0
idx0847.png,5
idx0848.png,0
idx0849.png,4
idx0850.png,2
idx0851.png,3
idx0852.png,7
idx0853.png,1
idx0854.png,0
idx0855.png,7
idx0856.png,3
idx0857.png,5
idx0858.png,6
idx0859.png,5
idx0860.png,2
idx0861.png,5
idx0862.png,1
idx0863.png,4
idx0864.png,2
idx0865.png,2
idx0866.png,2
idx0867.png,6
idx0868.png,3
idx0869.png,4
idx0870.png,5
idx0871.png,1
idx0872.png,8
idx0873.png,7
idx0874.png,7
idx0875.png,4
idx0876.png,1
idx0877.png,3
idx0878.png,1
idx0879.png,7
idx0880.png,2
idx0881.png,6
idx0882.png,6
idx0883.png,4
idx0884.png,3
idx0885.png,4
idx0886.png,1
idx0887.png,3
idx0888.png,7
idx0889.png,4
idx0890.png,1
idx0891.png,1
idx0892.png,0
idx0893.png,4
idx0894.png,2
idx0895.png,7
idx0896.png,3
idx0897.png,2
idx0898.png,0
idx0899.png,0
idx0900.png,3
idx0901.png,1
idx0902.png,4
idx0903.png,2
idx0904.png,3
idx0905.png,4
idx0906.png,6
idx0907.png,3
idx0908.png,4
idx0909.png,6
idx0910.png,2
idx0911.png,2
idx0912.png,3
idx0913.png,4
idx0914.png,3
idx0915.png,1
idx0916.png,2
idx0917.png,1
idx0918.png,1
idx0919.png,6
idx0920.png,6
idx0921.png,6
idx0922.png,2
idx0923.png,2
idx0924.png,1
idx0925.png,6
idx0926.png,1
idx0927.png,1
idx0928.png,7
idx0929.png,4
idx0930.png,1
idx0931.png,6
idx0932.png,3
idx0933.png,2
idx0934.png,1
idx0935.png,6
idx0936.png,7
idx0937.png,7
idx0938.png,0
idx0939.png,5
idx0940.png,3
idx0941.png,0
idx0942.png,5
idx0943.png,4
idx0944.png,2
idx0945.png,4
idx0946.png,1
idx0947.png,7
idx0948.png,4
idx0949.png,0
idx0950.png,5
idx0951.png,5
idx0952.png,3
idx0953.png,4
idx0954.png,6
idx0955.png,5
idx0956.png,6
idx0957.png,6
idx0958.png,7
idx0959.png,5
idx0960.png,5
idx0961.png,6
idx0962.png,3
idx0963.png,5
idx0964.png,3
idx0965.png,0
idx0966.png,1
idx0967.png,3
idx0968.png,0
idx0969.png,2
idx0970.png,7
idx0971.png,0
idx0972.png,0
idx0973.png,2
idx0974.png,3
idx0975.png,1
idx0976.png,4
idx0977.png,6
idx0978.png,7
idx0979.png,5
idx0980.png,4
idx0981.png,5
idx0982.png,1
idx0983.png,0
idx0984.png,6
idx0985.png,6
idx0986.png,4
idx0987.png,3
idx0988.png,4
idx0989.png,7
idx0990.png,3
idx0991.png,0
idx0992.png,1
idx0993.png,1
idx0994.png,6
idx0995.png,7
idx0996.png,2
idx0997.png,4
idx0998.png,5
idx0999.png,6
idx1000.png,5
idx1001.png,6
idx1002.png,7
idx1003.png,4
idx1004.png,7
idx1005.png,5
idx1006.png,7
idx1007.png,6
idx1008.png,6
idx1009.png,5
idx1010.png,6
idx1011.png,6
idx1012.png,7
idx1013.png,0
idx1014.png,2
idx1015.png,3
idx1016.png,1
idx1017.png,1
idx1018.png,3
idx1019.png,7
idx1020.png,7
idx1021.png,0
idx1022.png,7
idx1023.png,5
idx1024.png,1
idx1025.png,2
idx1026.png,4
idx1027.png,5
idx1028.png,0
idx1029.png,5
idx1030.png,6
idx1031.png,1
idx1032.png,1
idx1033.png,4
idx1034.png,3
idx1035.png,2
idx1036.png,3
idx1037.png,2
idx1038.png,5
idx1039.png,0
idx1040.png,5
idx1041.png,0
idx1042.png,2
idx1043.png,7
idx1044.png,6
idx1045.png,6
idx1046.png,0
idx1047.png,2
idx1048.png,7
idx1049.png,6
idx1050.png,6
idx1051.png,7
idx1052.png,3
idx1053.png,4
idx1054.png,0
idx1055.png,6
idx1056.png,3
idx1057.png,6
idx1058.png,4
idx1059.png,2
idx1060.png,6
idx1061.png,5
idx1062.png,3
idx1063.png,7
idx1064.png,3
idx1065.png,4
idx1066.png,3
idx1067.png,7
idx1068.png,0
idx1069.png,7
idx1070.png,5
idx1071.png,6
idx1072.png,4
idx1073.png,6
idx1074.png,0
idx1075.png,5
idx1076.png,7
idx1077.png,6
idx1078.png,3
idx1079.png,1
idx1080.png,7
idx1081.png,4
idx1082.png,4
idx1083.png,0
idx1084.png,1
idx1085.png,5
idx1086.png,6
idx1087.png,1
idx1088.png,3
idx1089.png,0
idx1090.png,1
idx1091.png,6
idx1092.png,6
idx1093.png,6
idx1094.png,6
idx1095.png,7
idx1096.png,0
idx1097.png,2
idx1098.png,6
idx1099.png,2
idx1100.png,4
idx1101.png,8
idx1102.png,2
idx1103.png,6
idx1104.png,3
idx1105.png,1
idx1106.png,3
idx1107.png,5
idx1108.png,9
idx1109.png,6
idx1110.png,2
idx1111.png,7
idx1112.png,3
idx1113.png,4
idx1114.png,4
idx1115.png,1
idx1116.png,4
idx1117.png,0
idx1118.png,2
idx1119.png,7
idx1120.png,5
idx1121.png,1
idx1122.png,4
idx1123.png,7
idx1124.png,0
idx1125.png,7
idx1126.png,6
idx1127.png,3
idx1128.png,5
idx1129.png,1
idx1130.png,3
idx1131.png,6
idx1132.png,7
idx1133.png,6
idx1134.png,1
idx1135.png,4
idx1136.png,4
idx1137.png,0
idx1138.png,2
idx1139.png,4
idx1140.png,7
idx1141.png,5
idx1142.png,3
idx1143.png,3
idx1144.png,2
idx1145.png,6
idx1146.png,6
idx1147.png,9
idx1148.png,1
idx1149.png,0
idx1150.png,2
idx1151.png,2
idx1152.png,7
idx1153.png,5
idx1154.png,0
idx1155.png,0
idx1156.png,4
idx1157.png,4
idx1158.png,5
idx1159.png,0
idx1160.png,1
idx1161.png,6
idx1162.png,5
idx1163.png,5
idx1164.png,1
idx1165.png,7
idx1166.png,1
idx1167.png,3
idx1168.png,0
idx1169.png,2
idx1170.png,0
idx1171.png,4
idx1172.png,5
idx1173.png,4
idx1174.png,6
idx1175.png,7
idx1176.png,0
idx1177.png,3
idx1178.png,6
idx1179.png,0
idx1180.png,3
idx1181.png,7
idx1182.png,2
idx1183.png,2
idx1184.png,4
idx1185.png,5
idx1186.png,5
idx1187.png,3
idx1188.png,7
idx1189.png,7
idx1190.png,3
idx1191.png,5
idx1192.png,1
idx1193.png,1
idx1194.png,2
idx1195.png,7
idx1196.png,2
idx1197.png,0
idx1198.png,1
idx1199.png,1
idx1200.png,3
idx1201.png,0
idx1202.png,5
idx1203.png,1
idx1204.png,4
idx1205.png,7
idx1206.png,4
idx1207.png,7
idx1208.png,6
idx1209.png,0
idx1210.png,2
idx1211.png,6
idx1212.png,4
idx1213.png,3
idx1214.png,4
idx1215.png,3
idx1216.png,7
idx1217.png,0
idx1218.png,7
idx1219.png,7
idx1220.png,3
idx1221.png,1
idx1222.png,5
idx1223.png,2
idx1224.png,7
idx1225.png,3
idx1226.png,4
idx1227.png,7
idx1228.png,2
idx1229.png,0
idx1230.png,4
idx1231.png,0
idx1232.png,6
idx1233.png,4
idx1234.png,3
idx1235.png,1
idx1236.png,0
idx1237.png,1
idx1238.png,0
idx1239.png,0
idx1240.png,0
idx1241.png,2
idx1242.png,0
idx1243.png,4
idx1244.png,2
idx1245.png,4
idx1246.png,6
idx1247.png,2
idx1248.png,6
idx1249.png,2
idx1250.png,4
idx1251.png,5
idx1252.png,6
idx1253.png,7
idx1254.png,0
idx1255.png,6
idx1256.png,1
idx1257.png,6
idx1258.png,4
idx1259.png,7
idx1260.png,9
idx1261.png,8
idx1262.png,5
idx1263.png,0
idx1264.png,1
idx1265.png,3
idx1266.png,1
idx1267.png,6
idx1268.png,0
idx1269.png,7
idx1270.png,0
idx1271.png,6
idx1272.png,4
idx1273.png,7
idx1274.png,0
idx1275.png,5
idx1276.png,2
idx1277.png,2
idx1278.png,0
idx1279.png,5
idx1280.png,5
idx1281.png,7
idx1282.png,6
idx1283.png,1
idx1284.png,3
idx1285.png,6
idx1286.png,6
idx1287.png,3
idx1288.png,7
idx1289.png,4
idx1290.png,4
idx1291.png,5
idx1292.png,0
idx1293.png,5
idx1294.png,4
idx1295.png,6
idx1296.png,5
idx1297.png,7
idx1298.png,3
idx1299.png,0
idx1300.png,4
idx1301.png,2
idx1302.png,0
idx1303.png,6
idx1304.png,1
idx1305.png,0
idx1306.png,6
idx1307.png,2
idx1308.png,4
idx1309.png,4
idx1310.png,3
idx1311.png,3
idx1312.png,1
idx1313.png,2
idx1314.png,3
idx1315.png,2
idx1316.png,6
idx1317.png,5
idx1318.png,4
idx1319.png,7
idx1320.png,1
idx1321.png,5
idx1322.png,8
idx1323.png,2
idx1324.png,3
idx1325.png,5
idx1326.png,1
idx1327.png,7
idx1328.png,1
idx1329.png,3
idx1330.png,7
idx1331.png,1
idx1332.png,5
idx1333.png,0
idx1334.png,1
idx1335.png,1
idx1336.png,5
idx1337.png,2
idx1338.png,3
idx1339.png,7
idx1340.png,4
idx1341.png,2
idx1342.png,6
idx1343.png,1
idx1344.png,4
idx1345.png,7
idx1346.png,7
idx1347.png,6
idx1348.png,6
idx1349.png,7
idx1350.png,3
idx1351.png,8
idx1352.png,2
idx1353.png,3
idx1354.png,1
idx1355.png,5
idx1356.png,9
idx1357.png,6
idx1358.png,6
idx1359.png,5
idx1360.png,0
idx1361.png,7
idx1362.png,0
idx1363.png,0
idx1364.png,3
idx1365.png,5
idx1366.png,1
idx1367.png,5
idx1368.png,2
idx1369.png,2
idx1370.png,2
idx1371.png,1
idx1372.png,3
idx1373.png,6
idx1374.png,3
idx1375.png,0
idx1376.png,3
idx1377.png,5
idx1378.png,6
idx1379.png,4
idx1380.png,7
idx1381.png,7
idx1382.png,5
idx1383.png,3
idx1384.png,2
idx1385.png,0
idx1386.png,7
idx1387.png,4
idx1388.png,1
idx1389.png,6
idx1390.png,5
idx1391.png,4
idx1392.png,2
idx1393.png,4
idx1394.png,3
idx1395.png,0
idx1396.png,3
idx1397.png,3
idx1398.png,4
idx1399.png,3
idx1400.png,7
idx1401.png,1
idx1402.png,3
idx1403.png,5
idx1404.png,3
idx1405.png,3
idx1406.png,5
idx1407.png,0
idx1408.png,4
idx1409.png,5
idx1410.png,5
idx1411.png,7
idx1412.png,1
idx1413.png,4
idx1414.png,2
idx1415.png,4
idx1416.png,0
idx1417.png,3
idx1418.png,3
idx1419.png,5
idx1420.png,1
idx1421.png,5
idx1422.png,7
idx1423.png,4
idx1424.png,5
idx1425.png,4
idx1426.png,0
idx1427.png,6
idx1428.png,7
idx1429.png,6
idx1430.png,5
idx1431.png,3
idx1432.png,6
idx1433.png,3
idx1434.png,4
idx1435.png,1
idx1436.png,6
idx1437.png,7
idx1438.png,0
idx1439.png,4
idx1440.png,4
idx1441.png,5
idx1442.png,1
idx1443.png,3
idx1444.png,1
idx1445.png,5
idx1446.png,4
idx1447.png,4
idx1448.png,6
idx1449.png,3
idx1450.png,3
idx1451.png,3
idx1452.png,5
idx1453.png,7
idx1454.png,7
idx1455.png,2
idx1456.png,6
idx1457.png,4
idx1458.png,3
idx1459.png,6
idx1460.png,7
idx1461.png,2
idx1462.png,6
idx1463.png,1
idx1464.png,5
idx1465.png,7
idx1466.png,3
idx1467.png,8
idx1468.png,6
idx1469.png,5
idx1470.png,4
idx1471.png,4
idx1472.png,0
idx1473.png,4
idx1474.png,1
idx1475.png,0
idx1476.png,3
idx1477.png,3
idx1478.png,1
idx1479.png,0
idx1480.png,4
idx1481.png,2
idx1482.png,4
idx1483.png,0
idx1484.png,4
idx1485.png,0
idx1486.png,6
idx1487.png,4
idx1488.png,1
idx1489.png,2
idx1490.png,5
idx1491.png,4
idx1492.png,2
idx1493.png,5
idx1494.png,1
idx1495.png,7
idx1496.png,1
idx1497.png,6
idx1498.png,2
idx1499.png,2
idx1500.png,6
idx1501.png,3
idx1502.png,7
idx1503.png,1
idx1504.png,4
idx1505.png,0
idx1506.png,2
idx1507.png,1
idx1508.png,4
idx1509.png,6
idx1510.png,0
idx1511.png,6
idx1512.png,4
idx1513.png,3
idx1514.png,6
idx1515.png,7
idx1516.png,2
idx1517.png,4
idx1518.png,0
idx1519.png,7
idx1520.png,3
idx1521.png,6
idx1522.png,4
idx1523.png,0
idx1524.png,1
idx1525.png,0
idx1526.png,0
idx1527.png,1
idx1528.png,4
idx1529.png,6
idx1530.png,6
idx1531.png,6
idx1532.png,0
idx1533.png,2
idx1534.png,7
idx1535.png,3
idx1536.png,1
idx1537.png,6
idx1538.png,3
idx1539.png,0
idx1540.png,3
idx1541.png,7
idx1542.png,5
idx1543.png,6
idx1544.png,2
idx1545.png,4
idx1546.png,1
idx1547.png,1
idx1548.png,9
idx1549.png,3
idx1550.png,4
idx1551.png,0
idx1552.png,1
idx1553.png,2
idx1554.png,2
idx1555.png,4
idx1556.png,4
idx1557.png,2
idx1558.png,6
idx1559.png,6
idx1560.png,0
idx1561.png,7
idx1562.png,7
idx1563.png,1
idx1564.png,7
idx1565.png,3
idx1566.png,3
idx1567.png,7
idx1568.png,7
idx1569.png,1
idx1570.png,6
idx1571.png,2
idx1572.png,1
idx1573.png,7
idx1574.png,4
idx1575.png,1
idx1576.png,7
idx1577.png,3
idx1578.png,6
idx1579.png,7
idx1580.png,7
idx1581.png,6
idx1582.png,4
idx1583.png,7
idx1584.png,0
idx1585.png,3
idx1586.png,1
idx1587.png,0
idx1588.png,4
idx1589.png,2
idx1590.png,7
idx1591.png,5
idx1592.png,2
idx1593.png,0
idx1594.png,0
idx1595.png,1
idx1596.png,3
idx1597.png,5
idx1598.png,7
idx1599.png,4
idx1600.png,1
idx1601.png,6
idx1602.png,6
idx1603.png,0
idx1604.png,5
idx1605.png,1
idx1606.png,1
idx1607.png,7
idx1608.png,2
idx1609.png,1
idx1610.png,2
idx1611.png,0
idx1612.png,0
idx1613.png,5
idx1614.png,0
idx1615.png,1
idx1616.png,6
idx1617.png,5
idx1618.png,6
idx1619.png,0
idx1620.png,0
idx1621.png,4
idx1622.png,4
idx1623.png,0
idx1624.png,1
idx1625.png,2
idx1626.png,0
idx1627.png,6
idx1628.png,3
idx1629.png,3
idx1630.png,5
idx1631.png,4
idx1632.png,1
idx1633.png,0
idx1634.png,1
idx1635.png,1
idx1636.png,2
idx1637.png,6
idx1638.png,2
idx1639.png,7
idx1640.png,5
idx1641.png,2
idx1642.png,7
idx1643.png,0
idx1644.png,1
idx1645.png,2
idx1646.png,7
idx1647.png,7
idx1648.png,7
idx1649.png,3
idx1650.png,1
idx1651.png,7
idx1652.png,5
idx1653.png,6
idx1654.png,7
idx1655.png,3
idx1656.png,1
idx1657.png,6
idx1658.png,7
idx1659.png,4
idx1660.png,3
idx1661.png,4
idx1662.png,0
idx1663.png,5
idx1664.png,0
idx1665.png,6
idx1666.png,1
idx1667.png,1
idx1668.png,3
idx1669.png,4
idx1670.png,1
idx1671.png,7
idx1672.png,4
idx1673.png,5
idx1674.png,0
idx1675.png,3
idx1676.png,3
idx1677.png,5
idx1678.png,0
idx1679.png,4
idx1680.png,5
idx1681.png,0
idx1682.png,4
idx1683.png,3
idx1684.png,1
idx1685.png,6
idx1686.png,3
idx1687.png,3
idx1688.png,1
idx1689.png,5
idx1690.png,0
idx1691.png,3
idx1692.png,4
idx1693.png,7
idx1694.png,7
idx1695.png,5
idx1696.png,4
idx1697.png,7
idx1698.png,6
idx1699.png,1
idx1700.png,5
idx1701.png,0
idx1702.png,0
idx1703.png,3
idx1704.png,6
idx1705.png,4
idx1706.png,0
idx1707.png,7
idx1708.png,3
idx1709.png,4
idx1710.png,0
idx1711.png,6
idx1712.png,6
idx1713.png,3
idx1714.png,5
idx1715.png,0
idx1716.png,6
idx1717.png,0
idx1718.png,3
idx1719.png,0
idx1720.png,5
idx1721.png,4
idx1722.png,3
idx1723.png,0
idx1724.png,4
idx1725.png,4
idx1726.png,0
idx1727.png,0
idx1728.png,1
idx1729.png,1
idx1730.png,6
idx1731.png,4
idx1732.png,1
idx1733.png,1
idx1734.png,6
idx1735.png,1
idx1736.png,9
idx1737.png,4
idx1738.png,3
idx1739.png,3
idx1740.png,3
idx1741.png,0
idx1742.png,4
idx1743.png,0
idx1744.png,1
idx1745.png,1
idx1746.png,1
idx1747.png,0
idx1748.png,4
idx1749.png,3
idx1750.png,4
idx1751.png,1
idx1752.png,4
idx1753.png,3
idx1754.png,3
idx1755.png,3
idx1756.png,3
idx1757.png,4
idx1758.png,0
idx1759.png,4
idx1760.png,6
idx1761.png,3
idx1762.png,0
idx1763.png,1
idx1764.png,0
idx1765.png,1
idx1766.png,4
idx1767.png,3
idx1768.png,4
idx1769.png,0
idx1770.png,4
idx1771.png,0
idx1772.png,1
idx1773.png,3
idx1774.png,5
idx1775.png,6
idx1776.png,0
idx1777.png,6
idx1778.png,6
idx1779.png,0
idx1780.png,1
idx1781.png,0
idx1782.png,0
idx1783.png,5
idx1784.png,6
idx1785.png,5
idx1786.png,5
idx1787.png,1
idx1788.png,5
idx1789.png,4
idx1790.png,0
idx1791.png,5
idx1792.png,5
idx1793.png,1
idx1794.png,1
idx1795.png,1
idx1796.png,5
idx1797.png,0
idx1798.png,1
idx1799.png,4
idx1800.png,6
idx1801.png,0
idx1802.png,6
idx1803.png,4
idx1804.png,4
idx1805.png,4
idx1806.png,4
idx1807.png,0
idx1808.png,6
idx1809.png,0
idx1810.png,1
idx1811.png,0
idx1812.png,4
idx1813.png,6
idx1814.png,5
idx1815.png,0
idx1816.png,6
idx1817.png,0
idx1818.png,1
idx1819.png,0
idx1820.png,1
idx1821.png,1
idx1822.png,6
idx1823.png,4
idx1824.png,6
idx1825.png,1
idx1826.png,6
idx1827.png,5
idx1828.png,6
idx1829.png,1
idx1830.png,5
idx1831.png,4
idx1832.png,6
idx1833.png,1
idx1834.png,5
idx1835.png,2
idx1836.png,4
idx1837.png,3
idx1838.png,2
idx1839.png,1
idx1840.png,0
idx1841.png,2
idx1842.png,4
idx1843.png,1
idx1844.png,6
idx1845.png,0
idx1846.png,1
idx1847.png,6
idx1848.png,0
idx1849.png,0
idx1850.png,5
idx1851.png,0
idx1852.png,4
idx1853.png,4
idx1854.png,0
idx1855.png,4
idx1856.png,0
idx1857.png,4
idx1858.png,8
idx1859.png,3
idx1860.png,0
idx1861.png,6
idx1862.png,5
idx1863.png,6
idx1864.png,6
idx1865.png,4
idx1866.png,5
idx1867.png,0
idx1868.png,0
idx1869.png,0
idx1870.png,5
idx1871.png,6
idx1872.png,5
idx1873.png,5
idx1874.png,4
idx1875.png,1
idx1876.png,5
idx1877.png,1
idx1878.png,5
idx1879.png,5
idx1880.png,6
idx1881.png,0
idx1882.png,1
idx1883.png,6
idx1884.png,4
idx1885.png,4
idx1886.png,0
idx1887.png,1
idx1888.png,5
idx1889.png,1
idx1890.png,1
idx1891.png,5
idx1892.png,6
idx1893.png,6
idx1894.png,4
idx1895.png,6
idx1896.png,1
idx1897.png,0
idx1898.png,1
idx1899.png,0
idx1900.png,6
idx1901.png,6
idx1902.png,4
idx1903.png,0
idx1904.png,6
idx1905.png,1
idx1906.png,6
idx1907.png,6
idx1908.png,0
idx1909.png,1
idx1910.png,6
idx1911.png,1
idx1912.png,0
idx1913.png,0
idx1914.png,7
idx1915.png,4
idx1916.png,0
idx1917.png,0
idx1918.png,0
idx1919.png,0
idx1920.png,6
idx1921.png,4
idx1922.png,1
idx1923.png,0
idx1924.png,4
idx1925.png,4
idx1926.png,0
idx1927.png,1
idx1928.png,0
idx1929.png,8
idx1930.png,0
idx1931.png,0
idx1932.png,1
idx1933.png,6
idx1934.png,4
idx1935.png,6
idx1936.png,4
idx1937.png,1
idx1938.png,0
idx1939.png,4
idx1940.png,1
idx1941.png,6
idx1942.png,4
idx1943.png,1
idx1944.png,5
idx1945.png,1
idx1946.png,6
idx1947.png,2
idx1948.png,0
idx1949.png,4
idx1950.png,5
idx1951.png,6
idx1952.png,4
idx1953.png,5
idx1954.png,0
idx1955.png,5
idx1956.png,2
idx1957.png,6
idx1958.png,0
idx1959.png,0
idx1960.png,5
idx1961.png,6
idx1962.png,6
idx1963.png,1
idx1964.png,0
idx1965.png,4
idx1966.png,6
idx1967.png,6
idx1968.png,4
idx1969.png,4
idx1970.png,6
idx1971.png,6
idx1972.png,6
idx1973.png,5
idx1974.png,1
idx1975.png,4
idx1976.png,1
idx1977.png,6
idx1978.png,6
idx1979.png,4
idx1980.png,0
idx1981.png,1
idx1982.png,6
idx1983.png,0
idx1984.png,6
idx1985.png,8
idx1986.png,6
idx1987.png,0
idx1988.png,4
idx1989.png,5
idx1990.png,5
idx1991.png,0
idx1992.png,5
idx1993.png,4
idx1994.png,1
idx1995.png,1
idx1996.png,4
idx1997.png,9
idx1998.png,4
idx1999.png,5
idx2000.png,1
idx2001.png,0
idx2002.png,4
idx2003.png,6
idx2004.png,4
idx2005.png,4
idx2006.png,4
idx2007.png,1
idx2008.png,5
idx2009.png,2
idx2010.png,5
idx2011.png,1
idx2012.png,0
idx2013.png,4
idx2014.png,1
idx2015.png,4
idx2016.png,1
idx2017.png,6
idx2018.png,4
idx2019.png,5
idx2020.png,4
idx2021.png,6
idx2022.png,4
idx2023.png,0
idx2024.png,5
idx2025.png,1
idx2026.png,0
idx2027.png,1
idx2028.png,6
idx2029.png,6
idx2030.png,0
idx2031.png,1
idx2032.png,1
idx2033.png,4
idx2034.png,2
idx2035.png,0
idx2036.png,4
idx2037.png,1
idx2038.png,4
idx2039.png,5
idx2040.png,5
idx2041.png,6
idx2042.png,0
idx2043.png,5
idx2044.png,0
idx2045.png,1
idx2046.png,4
idx2047.png,1
idx2048.png,4
idx2049.png,0
idx2050.png,4
idx2051.png,1
idx2052.png,5
idx2053.png,6
idx2054.png,7
idx2055.png,6
idx2056.png,5
idx2057.png,6
idx2058.png,5
idx2059.png,5
idx2060.png,6
idx2061.png,5
idx2062.png,5
idx2063.png,6
idx2064.png,0
idx2065.png,1
idx2066.png,6
idx2067.png,1
idx2068.png,6
idx2069.png,5
idx2070.png,0
idx2071.png,6
idx2072.png,1
idx2073.png,5
idx2074.png,4
idx2075.png,1
idx2076.png,0
idx2077.png,9
idx2078.png,1
idx2079.png,0
idx2080.png,4
idx2081.png,4
idx2082.png,5
idx2083.png,3
idx2084.png,6
idx2085.png,1
idx2086.png,1
idx2087.png,4
idx2088.png,6
idx2089.png,9
idx2090.png,0
idx2091.png,1
idx2092.png,4
idx2093.png,1
idx2094.png,4
idx2095.png,1
idx2096.png,0
idx2097.png,5
idx2098.png,1
idx2099.png,5
idx2100.png,6
idx2101.png,0
idx2102.png,1
idx2103.png,5
idx2104.png,4
idx2105.png,0
idx2106.png,0
idx2107.png,5
idx2108.png,0
idx2109.png,4
idx2110.png,0
idx2111.png,5
idx2112.png,6
idx2113.png,6
idx2114.png,4
idx2115.png,5
idx2116.png,1
idx2117.png,1
idx2118.png,4
idx2119.png,0
idx2120.png,6
idx2121.png,5
idx2122.png,1
idx2123.png,0
idx2124.png,1
idx2125.png,5
idx2126.png,5
idx2127.png,1
idx2128.png,1
idx2129.png,5
idx2130.png,4
idx2131.png,0
idx2132.png,6
idx2133.png,1
idx2134.png,5
idx2135.png,0
idx2136.png,1
idx2137.png,6
idx2138.png,5
idx2139.png,0
idx2140.png,4
idx2141.png,1
idx2142.png,5
idx2143.png,1
idx2144.png,1
idx2145.png,0
idx2146.png,1
idx2147.png,5
idx2148.png,5
idx2149.png,6
idx2150.png,0
idx2151.png,4
idx2152.png,0
idx2153.png,4
idx2154.png,0
idx2155.png,5
idx2156.png,1
idx2157.png,4
idx2158.png,4
idx2159.png,4
idx2160.png,0
idx2161.png,1
idx2162.png,0
idx2163.png,5
idx2164.png,6
idx2165.png,0
idx2166.png,6
idx2167.png,5
idx2168.png,5
idx2169.png,0
idx2170.png,6
idx2171.png,5
idx2172.png,1
idx2173.png,1
idx2174.png,4
idx2175.png,0
idx2176.png,3
idx2177.png,7
idx2178.png,0
idx2179.png,5
idx2180.png,0
idx2181.png,0
idx2182.png,1
idx2183.png,1
idx2184.png,6
idx2185.png,6
idx2186.png,1
idx2187.png,5
idx2188.png,0
idx2189.png,9
idx2190.png,6
idx2191.png,0
idx2192.png,1
idx2193.png,6
idx2194.png,0
idx2195.png,5
idx2196.png,1
idx2197.png,0
idx2198.png,1
idx2199.png,5
idx2200.png,6
idx2201.png,0
idx2202.png,0
idx2203.png,5
idx2204.png,6
idx2205.png,0
idx2206.png,0
idx2207.png,6
idx2208.png,4
idx2209.png,1
idx2210.png,0
idx2211.png,0
idx2212.png,5
idx2213.png,1
idx2214.png,0
idx2215.png,0
idx2216.png,1
idx2217.png,1
idx2218.png,6
idx2219.png,0
idx2220.png,6
idx2221.png,0
idx2222.png,6
idx2223.png,6
idx2224.png,0
idx2225.png,0
idx2226.png,2
idx2227.png,1
idx2228.png,0
idx2229.png,1
idx2230.png,1
idx2231.png,1
idx2232.png,6
idx2233.png,1
idx2234.png,6
idx2235.png,6
idx2236.png,0
idx2237.png,1
idx2238.png,6
idx2239.png,0
idx2240.png,6
idx2241.png,0
idx2242.png,1
idx2243.png,1
idx2244.png,8
idx2245.png,1
idx2246.png,1
idx2247.png,6
idx2248.png,1
idx2249.png,0
idx2250.png,2
idx2251.png,6
idx2252.png,6
idx2253.png,1
idx2254.png,4
idx2255.png,0
idx2256.png,6
idx2257.png,0
idx2258.png,6
idx2259.png,6
idx2260.png,2
idx2261.png,6
idx2262.png,6
idx2263.png,7
idx2264.png,0
idx2265.png,1
idx2266.png,0
idx2267.png,1
idx2268.png,6
idx2269.png,0
idx2270.png,0
idx2271.png,6
idx2272.png,0
idx2273.png,1
idx2274.png,8
idx2275.png,1
idx2276.png,0
idx2277.png,0
idx2278.png,6
idx2279.png,1
idx2280.png,1
idx2281.png,0
idx2282.png,0
idx2283.png,6
idx2284.png,1
idx2285.png,1
idx2286.png,0
idx2287.png,0
idx2288.png,1
idx2289.png,6
idx2290.png,1
idx2291.png,6
idx2292.png,1
idx2293.png,1
idx2294.png,1
idx2295.png,1
idx2296.png,0
idx2297.png,0
idx2298.png,0
idx2299.png,1
idx2300.png,0
idx2301.png,0
idx2302.png,0
idx2303.png,3
idx2304.png,6
idx2305.png,1
idx2306.png,6
idx2307.png,6
idx2308.png,1
idx2309.png,0
idx2310.png,0
idx2311.png,1
idx2312.png,0
idx2313.png,0
idx2314.png,0
idx2315.png,6
idx2316.png,6
idx2317.png,6
idx2318.png,1
idx2319.png,1
idx2320.png,1
idx2321.png,1
idx2322.png,0
idx2323.png,6
idx2324.png,1
idx2325.png,1
idx2326.png,0
idx2327.png,1
idx2328.png,6
idx2329.png,0
idx2330.png,1
idx2331.png,0
idx2332.png,1
idx2333.png,6
idx2334.png,6
idx2335.png,1
idx2336.png,3
idx2337.png,6
idx2338.png,0
idx2339.png,0
idx2340.png,6
idx2341.png,0
idx2342.png,6
idx2343.png,1
idx2344.png,6
idx2345.png,9
idx2346.png,6
idx2347.png,0
idx2348.png,6
idx2349.png,0
idx2350.png,0
idx2351.png,0
idx2352.png,1
idx2353.png,1
idx2354.png,6
idx2355.png,0
idx2356.png,0
idx2357.png,0
idx2358.png,0
idx2359.png,6
idx2360.png,0
idx2361.png,6
idx2362.png,1
idx2363.png,6
idx2364.png,0
idx2365.png,0
idx2366.png,6
idx2367.png,1
idx2368.png,1
idx2369.png,8
idx2370.png,1
idx2371.png,0
idx2372.png,6
idx2373.png,3
idx2374.png,6
idx2375.png,1
idx2376.png,0
idx2377.png,6
idx2378.png,1
idx2379.png,0
idx2380.png,6
idx2381.png,6
idx2382.png,6
idx2383.png,7
idx2384.png,0
idx2385.png,6
idx2386.png,1
idx2387.png,6
idx2388.png,1
idx2389.png,1
idx2390.png,7
idx2391.png,1
idx2392.png,1
idx2393.png,9
idx2394.png,1
idx2395.png,6
idx2396.png,1
idx2397.png,2
idx2398.png,6
idx2399.png,6
idx2400.png,4
idx2401.png,1
idx2402.png,6
idx2403.png,1
idx2404.png,1
idx2405.png,6
idx2406.png,1
idx2407.png,6
idx2408.png,1
idx2409.png,1
idx2410.png,1
idx2411.png,0
idx2412.png,6
idx2413.png,1
idx2414.png,1
idx2415.png,1
idx2416.png,6
idx2417.png,6
idx2418.png,6
idx2419.png,1
idx2420.png,6
idx2421.png,1
idx2422.png,1
idx2423.png,6
idx2424.png,6
idx2425.png,1
idx2426.png,6
idx2427.png,1
idx2428.png,1
idx2429.png,4
idx2430.png,1
idx2431.png,8
idx2432.png,3
idx2433.png,1
idx2434.png,1
idx2435.png,1
idx2436.png,1
idx2437.png,1
idx2438.png,1
idx2439.png,1
idx2440.png,2
idx2441.png,2
idx2442.png,9
idx2443.png,9
idx2444.png,4
idx2445.png,3
idx2446.png,6
idx2447.png,5
idx2448.png,8
idx2449.png,5
idx2450.png,3
idx2451.png,4
idx2452.png,1
idx2453.png,8
idx2454.png,6
idx2455.png,3
idx2456.png,2
idx2457.png,9
idx2458.png,4
idx2459.png,5
idx2460.png,9
idx2461.png,3
idx2462.png,5
idx2463.png,4
idx2464.png,8
idx2465.png,5
idx2466.png,8
idx2467.png,2
idx2468.png,7
idx2469.png,6
idx2470.png,4
idx2471.png,6
idx2472.png,2
idx2473.png,7
idx2474.png,4
idx2475.png,9
idx2476.png,9
idx2477.png,2
idx2478.png,2
idx2479.png,3
idx2480.png,3
idx2481.png,8
idx2482.png,8
idx2483.png,8
idx2484.png,3
idx2485.png,4
idx2486.png,9
idx2487.png,2
idx2488.png,5
idx2489.png,9
idx2490.png,2
idx2491.png,8
idx2492.png,3
idx2493.png,1
idx2494.png,2
idx2495.png,4
idx2496.png,8
idx2497.png,7
idx2498.png,6
idx2499.png,8
idx2500.png,4
idx2501.png,7
idx2502.png,6
idx2503.png,2
idx2504.png,6
idx2505.png,5
idx2506.png,5
idx2507.png,5
idx2508.png,9
idx2509.png,9
idx2510.png,2
idx2511.png,7
idx2512.png,4
idx2513.png,8
idx2514.png,5
idx2515.png,3
idx2516.png,9
idx2517.png,6
idx2518.png,9
idx2519.png,7
idx2520.png,4
idx2521.png,5
idx2522.png,3
idx2523.png,9
idx2524.png,4
idx2525.png,3
idx2526.png,8
idx2527.png,9
idx2528.png,3
idx2529.png,3
idx2530.png,9
idx2531.png,9
idx2532.png,0
idx2533.png,5
idx2534.png,0
idx2535.png,5
idx2536.png,7
idx2537.png,5
idx2538.png,9
idx2539.png,8
idx2540.png,7
idx2541.png,3
idx2542.png,9
idx2543.png,7
idx2544.png,9
idx2545.png,3
idx2546.png,2
idx2547.png,9
idx2548.png,2
idx2549.png,3
idx2550.png,4
idx2551.png,2
idx2552.png,4
idx2553.png,8
idx2554.png,3
idx2555.png,4
idx2556.png,9
idx2557.png,3
idx2558.png,9
idx2559.png,9
idx2560.png,2
idx2561.png,2
idx2562.png,9
idx2563.png,8
idx2564.png,4
idx2565.png,3
idx2566.png,5
idx2567.png,4
idx2568.png,4
idx2569.png,9
idx2570.png,8
idx2571.png,3
idx2572.png,8
idx2573.png,9
idx2574.png,8
idx2575.png,5
idx2576.png,2
idx2577.png,5
idx2578.png,3
idx2579.png,4
idx2580.png,3
idx2581.png,2
idx2582.png,0
idx2583.png,7
idx2584.png,3
idx2585.png,6
idx2586.png,2
idx2587.png,8
idx2588.png,4
idx2589.png,5
idx2590.png,6
idx2591.png,5
idx2592.png,1
idx2593.png,8
idx2594.png,7
idx2595.png,2
idx2596.png,0
idx2597.png,8
idx2598.png,3
idx2599.png,7
idx2600.png,0
idx2601.png,6
idx2602.png,0
idx2603.png,6
idx2604.png,8
idx2605.png,4
idx2606.png,2
idx2607.png,4
idx2608.png,7
idx2609.png,2
idx2610.png,3
idx2611.png,9
idx2612.png,3
idx2613.png,5
idx2614.png,0
idx2615.png,2
idx2616.png,3
idx2617.png,0
idx2618.png,5
idx2619.png,6
idx2620.png,5
idx2621.png,7
idx2622.png,6
idx2623.png,3
idx2624.png,9
idx2625.png,4
idx2626.png,8
idx2627.png,2
idx2628.png,8
idx2629.png,7
idx2630.png,9
idx2631.png,3
idx2632.png,4
idx2633.png,4
idx2634.png,6
idx2635.png,2
idx2636.png,7
idx2637.png,4
idx2638.png,3
idx2639.png,0
idx2640.png,4
idx2641.png,3
idx2642.png,6
idx2643.png,5
idx2644.png,4
idx2645.png,4
idx2646.png,2
idx2647.png,4
idx2648.png,5
idx2649.png,4
idx2650.png,9
idx2651.png,3
idx2652.png,7
idx2653.png,4
idx2654.png,7
idx2655.png,5
idx2656.png,0
idx2657.png,4
idx2658.png,9
idx2659.png,7
idx2660.png,9
idx2661.png,6
idx2662.png,3
idx2663.png,4
idx2664.png,6
idx2665.png,4
idx2666.png,5
idx2667.png,7
idx2668.png,7
idx2669.png,3
idx2670.png,9
idx2671.png,7
idx2672.png,1
idx2673.png,2
idx2674.png,4
idx2675.png,5
idx2676.png,5
idx2677.png,5
idx2678.png,8
idx2679.png,5
idx2680.png,1
idx2681.png,2
idx2682.png,3
idx2683.png,7
idx2684.png,6
idx2685.png,8
idx2686.png,5
idx2687.png,9
idx2688.png,7
idx2689.png,0
idx2690.png,6
idx2691.png,4
idx2692.png,4
idx2693.png,3
idx2694.png,3
idx2695.png,7
idx2696.png,0
idx2697.png,3
idx2698.png,0
idx2699.png,5
idx2700.png,8
idx2701.png,7
idx2702.png,8
idx2703.png,9
idx2704.png,1
idx2705.png,4
idx2706.png,8
idx2707.png,9
idx2708.png,5
idx2709.png,0
idx2710.png,7
idx2711.png,2
idx2712.png,3
idx2713.png,7
idx2714.png,4
idx2715.png,0
idx2716.png,2
idx2717.png,4
idx2718.png,4
idx2719.png,8
idx2720.png,7
idx2721.png,4
idx2722.png,9
idx2723.png,9
idx2724.png,4
idx2725.png,4
idx2726.png,2
idx2727.png,7
idx2728.png,5
idx2729.png,4
idx2730.png,6
idx2731.png,7
idx2732.png,5
idx2733.png,7
idx2734.png,2
idx2735.png,6
idx2736.png,5
idx2737.png,0
idx2738.png,2
idx2739.png,5
idx2740.png,9
idx2741.png,9
idx2742.png,8
idx2743.png,6
idx2744.png,5
idx2745.png,5
idx2746.png,7
idx2747.png,5
idx2748.png,2
idx2749.png,4
idx2750.png,4
idx2751.png,1
idx2752.png,2
idx2753.png,3
idx2754.png,4
idx2755.png,8
idx2756.png,9
idx2757.png,2
idx2758.png,7
idx2759.png,1
idx2760.png,8
idx2761.png,0
idx2762.png,4
idx2763.png,6
idx2764.png,9
idx2765.png,5
idx2766.png,5
idx2767.png,5
idx2768.png,9
idx2769.png,9
idx2770.png,2
idx2771.png,5
idx2772.png,5
idx2773.png,9
idx2774.png,7
idx2775.png,2
idx2776.png,8
idx2777.png,9
idx2778.png,5
idx2779.png,0
idx2780.png,1
idx2781.png,4
idx2782.png,3
idx2783.png,3
idx2784.png,9
idx2785.png,4
idx2786.png,0
idx2787.png,9
idx2788.png,7
idx2789.png,8
idx2790.png,7
idx2791.png,7
idx2792.png,7
idx2793.png,9
idx2794.png,9
idx2795.png,3
idx2796.png,7
idx2797.png,0
idx2798.png,0
idx2799.png,8
idx2800.png,7
idx2801.png,6
idx2802.png,7
idx2803.png,9
idx2804.png,4
idx2805.png,8
idx2806.png,2
idx2807.png,4
idx2808.png,6
idx2809.png,1
idx2810.png,8
idx2811.png,2
idx2812.png,9
idx2813.png,5
idx2814.png,2
idx2815.png,8
idx2816.png,8
idx2817.png,8
idx2818.png,8
idx2819.png,4
idx2820.png,1
idx2821.png,2
idx2822.png,2
idx2823.png,8
idx2824.png,9
idx2825.png,3
idx2826.png,5
idx2827.png,6
idx2828.png,7
idx2829.png,7
idx2830.png,9
idx2831.png,8
idx2832.png,4
idx2833.png,4
idx2834.png,0
idx2835.png,9
idx2836.png,2
idx2837.png,3
idx2838.png,8
idx2839.png,2
idx2840.png,7
idx2841.png,3
idx2842.png,3
idx2843.png,9
idx2844.png,3
idx2845.png,1
idx2846.png,5
idx2847.png,2
idx2848.png,9
idx2849.png,3
idx2850.png,0
idx2851.png,8
idx2852.png,5
idx2853.png,7
idx2854.png,6
idx2855.png,5
idx2856.png,7
idx2857.png,5
idx2858.png,7
idx2859.png,2
idx2860.png,9
idx2861.png,2
idx2862.png,2
idx2863.png,3
idx2864.png,9
idx2865.png,0
idx2866.png,0
idx2867.png,8
idx2868.png,2
idx2869.png,7
idx2870.png,5
idx2871.png,5
idx2872.png,7
idx2873.png,8
idx2874.png,7
idx2875.png,0
idx2876.png,8
idx2877.png,8
idx2878.png,5
idx2879.png,7
idx2880.png,5
idx2881.png,0
idx2882.png,0
idx2883.png,1
idx2884.png,6
idx2885.png,5
idx2886.png,8
idx2887.png,1
idx2888.png,1
idx2889.png,9
idx2890.png,6
idx2891.png,3
idx2892.png,5
idx2893.png,3
idx2894.png,3
idx2895.png,8
idx2896.png,7
idx2897.png,0
idx2898.png,2
idx2899.png,0
idx2900.png,2
idx2901.png,6
idx2902.png,8
idx2903.png,7
idx2904.png,8
idx2905.png,8
idx2906.png,8
idx2907.png,3
idx2908.png,5
idx2909.png,0
idx2910.png,5
idx2911.png,9
idx2912.png,3
idx2913.png,8
idx2914.png,6
idx2915.png,9
idx2916.png,9
idx2917.png,3
idx2918.png,8
idx2919.png,2
idx2920.png,7
idx2921.png,5
idx2922.png,0
idx2923.png,9
idx2924.png,5
idx2925.png,0
idx2926.png,9
idx2927.png,8
idx2928.png,2
idx2929.png,6
idx2930.png,8
idx2931.png,6
idx2932.png,0
idx2933.png,5
idx2934.png,6
idx2935.png,7
idx2936.png,8
idx2937.png,4
idx2938.png,5
idx2939.png,3
idx2940.png,2
idx2941.png,8
idx2942.png,9
idx2943.png,2
idx2944.png,9
idx2945.png,7
idx2946.png,8
idx2947.png,3
idx2948.png,3
idx2949.png,5
idx2950.png,7
idx2951.png,7
idx2952.png,3
idx2953.png,0
idx2954.png,2
idx2955.png,8
idx2956.png,5
idx2957.png,1
idx2958.png,4
idx2959.png,7
idx2960.png,5
idx2961.png,3
idx2962.png,7
idx2963.png,0
idx2964.png,5
idx2965.png,1
idx2966.png,5
idx2967.png,4
idx2968.png,4
idx2969.png,0
idx2970.png,5
idx2971.png,4
idx2972.png,4
idx2973.png,8
idx2974.png,8
idx2975.png,8
idx2976.png,7
idx2977.png,8
idx2978.png,4
idx2979.png,8
idx2980.png,8
idx2981.png,2
idx2982.png,4
idx2983.png,5
idx2984.png,5
idx2985.png,9
idx2986.png,5
idx2987.png,5
idx2988.png,9
idx2989.png,4
idx2990.png,2
idx2991.png,5
idx2992.png,6
idx2993.png,4
idx2994.png,2
idx2995.png,4
idx2996.png,8
idx2997.png,2
idx2998.png,2
idx2999.png,4
idx3000.png,9
idx3001.png,9
idx3002.png,2
idx3003.png,2
idx3004.png,3
idx3005.png,5
idx3006.png,8
idx3007.png,0
idx3008.png,8
idx3009.png,7
idx3010.png,8
idx3011.png,9
idx3012.png,5
idx3013.png,9
idx3014.png,0
idx3015.png,6
idx3016.png,2
idx3017.png,8
idx3018.png,4
idx3019.png,8
idx3020.png,9
idx3021.png,4
idx3022.png,3
idx3023.png,9
idx3024.png,7
idx3025.png,7
idx3026.png,9
idx3027.png,1
idx3028.png,8
idx3029.png,2
idx3030.png,1
idx3031.png,6
idx3032.png,0
idx3033.png,9
idx3034.png,8
idx3035.png,7
idx3036.png,6
idx3037.png,4
idx3038.png,2
idx3039.png,0
idx3040.png,8
idx3041.png,9
idx3042.png,4
idx3043.png,1
idx3044.png,7
idx3045.png,6
idx3046.png,8
idx3047.png,0
idx3048.png,7
idx3049.png,1
idx3050.png,3
idx3051.png,5
idx3052.png,8
idx3053.png,8
idx3054.png,4
idx3055.png,8
idx3056.png,4
idx3057.png,5
idx3058.png,8
idx3059.png,5
idx3060.png,9
idx3061.png,5
idx3062.png,9
idx3063.png,9
idx3064.png,8
idx3065.png,9
idx3066.png,8
idx3067.png,2
idx3068.png,8
idx3069.png,9
idx3070.png,9
idx3071.png,5
idx3072.png,7
idx3073.png,8
idx3074.png,3
idx3075.png,2
idx3076.png,6
idx3077.png,9
idx3078.png,8
idx3079.png,3
idx3080.png,1
idx3081.png,7
idx3082.png,2
idx3083.png,2
idx3084.png,0
idx3085.png,3
idx3086.png,8
idx3087.png,7
idx3088.png,5
idx3089.png,5
idx3090.png,9
idx3091.png,0
idx3092.png,3
idx3093.png,8
idx3094.png,8
idx3095.png,6
idx3096.png,3
idx3097.png,3
idx3098.png,3
idx3099.png,8
idx3100.png,8
idx3101.png,7
idx3102.png,9
idx3103.png,5
idx3104.png,8
idx3105.png,9
idx3106.png,3
idx3107.png,6
idx3108.png,9
idx3109.png,7
idx3110.png,0
idx3111.png,4
idx3112.png,9
idx3113.png,2
idx3114.png,4
idx3115.png,6
idx3116.png,7
idx3117.png,9
idx3118.png,8
idx3119.png,5
idx3120.png,8
idx3121.png,4
idx3122.png,9
idx3123.png,5
idx3124.png,8
idx3125.png,3
idx3126.png,5
idx3127.png,3
idx3128.png,7
idx3129.png,8
idx3130.png,4
idx3131.png,7
idx3132.png,4
idx3133.png,5
idx3134.png,7
idx3135.png,9
idx3136.png,4
idx3137.png,6
idx3138.png,4
idx3139.png,7
idx3140.png,4
idx3141.png,8
idx3142.png,7
idx3143.png,5
idx3144.png,0
idx3145.png,9
idx3146.png,1
idx3147.png,6
idx3148.png,9
idx3149.png,3
idx3150.png,1
idx3151.png,5
idx3152.png,5
idx3153.png,2
idx3154.png,3
idx3155.png,7
idx3156.png,8
idx3157.png,5
idx3158.png,6
idx3159.png,6
idx3160.png,8
idx3161.png,3
idx3162.png,2
idx3163.png,9
idx3164.png,5
idx3165.png,7
idx3166.png,2
idx3167.png,4
idx3168.png,8
idx3169.png,9
idx3170.png,7
idx3171.png,7
idx3172.png,6
idx3173.png,7
idx3174.png,9
idx3175.png,9
idx3176.png,3
idx3177.png,4
idx3178.png,6
idx3179.png,8
idx3180.png,7
idx3181.png,8
idx3182.png,3
idx3183.png,9
idx3184.png,5
idx3185.png,7
idx3186.png,9
idx3187.png,4
idx3188.png,8
idx3189.png,9
idx3190.png,4
idx3191.png,0
idx3192.png,8
idx3193.png,5
idx3194.png,7
idx3195.png,7
idx3196.png,2
idx3197.png,3
idx3198.png,5
idx3199.png,4
idx3200.png,0
idx3201.png,2
idx3202.png,9
idx3203.png,7
idx3204.png,8
idx3205.png,8
idx3206.png,4
idx3207.png,2
idx3208.png,9
idx3209.png,1
idx3210.png,5
idx3211.png,9
idx3212.png,1
idx3213.png,4
idx3214.png,2
idx3215.png,8
idx3216.png,4
idx3217.png,9
idx3218.png,6
idx3219.png,7
idx3220.png,4
idx3221.png,4
idx3222.png,0
idx3223.png,5
idx3224.png,7
idx3225.png,0
idx3226.png,6
idx3227.png,7
idx3228.png,0
idx3229.png,8
idx3230.png,3
idx3231.png,0
idx3232.png,3
idx3233.png,2
idx3234.png,5
idx3235.png,8
idx3236.png,2
idx3237.png,9
idx3238.png,9
idx3239.png,4
idx3240.png,3
idx3241.png,8
idx3242.png,8
idx3243.png,7
idx3244.png,5
idx3245.png,8
idx3246.png,3
idx3247.png,8
idx3248.png,3
idx3249.png,4
idx3250.png,8
idx3251.png,4
idx3252.png,9
idx3253.png,0
idx3254.png,7
idx3255.png,3
idx3256.png,0
idx3257.png,3
idx3258.png,5
idx3259.png,8
idx3260.png,5
idx3261.png,8
idx3262.png,2
idx3263.png,2
idx3264.png,7
idx3265.png,7
idx3266.png,0
idx3267.png,5
idx3268.png,5
idx3269.png,7
idx3270.png,8
idx3271.png,4
idx3272.png,2
idx3273.png,5
idx3274.png,8
idx3275.png,6
idx3276.png,9
idx3277.png,7
idx3278.png,8
idx3279.png,3
idx3280.png,8
idx3281.png,0
idx3282.png,5
idx3283.png,5
idx3284.png,4
idx3285.png,8
idx3286.png,7
idx3287.png,0
idx3288.png,9
idx3289.png,5
idx3290.png,2
idx3291.png,4
idx3292.png,0
idx3293.png,4
idx3294.png,3
idx3295.png,4
idx3296.png,8
idx3297.png,5
idx3298.png,7
idx3299.png,9
idx3300.png,9
idx3301.png,8
idx3302.png,4
idx3303.png,5
idx3304.png,1
idx3305.png,9
idx3306.png,6
idx3307.png,6
idx3308.png,3
idx3309.png,8
idx3310.png,8
idx3311.png,2
idx3312.png,7
idx3313.png,2
idx3314.png,5
idx3315.png,4
idx3316.png,4
idx3317.png,2
idx3318.png,7
idx3319.png,9
idx3320.png,3
idx3321.png,6
idx3322.png,7
idx3323.png,9
idx3324.png,8
idx3325.png,3
idx3326.png,7
idx3327.png,3
idx3328.png,4
idx3329.png,4
idx3330.png,7
idx3331.png,2
idx3332.png,3
idx3333.png,2
idx3334.png,7
idx3335.png,5
idx3336.png,3
idx3337.png,6
idx3338.png,9
idx3339.png,3
idx3340.png,2
idx3341.png,3
idx3342.png,9
idx3343.png,4
idx3344.png,2
idx3345.png,5
idx3346.png,2
idx3347.png,6
idx3348.png,7
idx3349.png,8
idx3350.png,5
idx3351.png,6
idx3352.png,4
idx3353.png,8
idx3354.png,8
idx3355.png,2
idx3356.png,5
idx3357.png,9
idx3358.png,9
idx3359.png,6
idx3360.png,9
idx3361.png,5
idx3362.png,5
idx3363.png,4
idx3364.png,9
idx3365.png,1
idx3366.png,2
idx3367.png,6
idx3368.png,2
idx3369.png,3
idx3370.png,9
idx3371.png,0
idx3372.png,5
idx3373.png,2
idx3374.png,3
idx3375.png,7
idx3376.png,1
idx3377.png,5
idx3378.png,8
idx3379.png,8
idx3380.png,9
idx3381.png,2
idx3382.png,7
idx3383.png,6
idx3384.png,2
idx3385.png,7
idx3386.png,3
idx3387.png,9
idx3388.png,0
idx3389.png,1
idx3390.png,2
idx3391.png,7
idx3392.png,9
idx3393.png,9
idx3394.png,8
idx3395.png,2
idx3396.png,0
idx3397.png,3
idx3398.png,8
idx3399.png,8
idx3400.png,8
idx3401.png,7
idx3402.png,0
idx3403.png,9
idx3404.png,5
idx3405.png,9
idx3406.png,7
idx3407.png,8
idx3408.png,8
idx3409.png,8
idx3410.png,4
idx3411.png,8
idx3412.png,0
idx3413.png,9
idx3414.png,3
idx3415.png,8
idx3416.png,7
idx3417.png,0
idx3418.png,0
idx3419.png,3
idx3420.png,6
idx3421.png,5
idx3422.png,7
idx3423.png,7
idx3424.png,4
idx3425.png,9
idx3426.png,3
idx3427.png,8
idx3428.png,7
idx3429.png,2
idx3430.png,4
idx3431.png,5
idx3432.png,9
idx3433.png,3
idx3434.png,3
idx3435.png,1
idx3436.png,8
idx3437.png,3
idx3438.png,9
idx3439.png,1
idx3440.png,4
idx3441.png,3
idx3442.png,8
idx3443.png,2
idx3444.png,7
idx3445.png,9
idx3446.png,2
idx3447.png,7
idx3448.png,4
idx3449.png,8
idx3450.png,8
idx3451.png,5
idx3452.png,9
idx3453.png,4
idx3454.png,2
idx3455.png,9
idx3456.png,4
idx3457.png,2
idx3458.png,9
idx3459.png,0
idx3460.png,2
idx3461.png,9
idx3462.png,7
idx3463.png,9
idx3464.png,8
idx3465.png,2
idx3466.png,5
idx3467.png,8
idx3468.png,9
idx3469.png,7
idx3470.png,3
idx3471.png,3
idx3472.png,7
idx3473.png,0
idx3474.png,6
idx3475.png,0
idx3476.png,2
idx3477.png,5
idx3478.png,2
idx3479.png,4
idx3480.png,8
idx3481.png,4
idx3482.png,2
idx3483.png,8
idx3484.png,8
idx3485.png,8
idx3486.png,1
idx3487.png,8
idx3488.png,2
idx3489.png,3
idx3490.png,2
idx3491.png,3
idx3492.png,2
idx3493.png,3
idx3494.png,4
idx3495.png,9
idx3496.png,3
idx3497.png,6
idx3498.png,2
idx3499.png,4
idx3500.png,9
idx3501.png,6
idx3502.png,9
idx3503.png,9
idx3504.png,3
idx3505.png,3
idx3506.png,8
idx3507.png,5
idx3508.png,5
idx3509.png,8
idx3510.png,2
idx3511.png,2
idx3512.png,1
idx3513.png,4
idx3514.png,8
idx3515.png,2
idx3516.png,9
idx3517.png,8
idx3518.png,6
idx3519.png,9
idx3520.png,4
idx3521.png,0
idx3522.png,9
idx3523.png,9
idx3524.png,0
idx3525.png,3
idx3526.png,3
idx3527.png,9
idx3528.png,9
idx3529.png,6
idx3530.png,7
idx3531.png,8
idx3532.png,3
idx3533.png,6
idx3534.png,5
idx3535.png,8
idx3536.png,9
idx3537.png,2
idx3538.png,9
idx3539.png,8
idx3540.png,8
idx3541.png,9
idx3542.png,2
idx3543.png,6
idx3544.png,8
idx3545.png,5
idx3546.png,3
idx3547.png,6
idx3548.png,7
idx3549.png,7
idx3550.png,9
idx3551.png,0
idx3552.png,3
idx3553.png,3
idx3554.png,8
idx3555.png,2
idx3556.png,7
idx3557.png,3
idx3558.png,7
idx3559.png,1
idx3560.png,3
idx3561.png,2
idx3562.png,9
idx3563.png,8
idx3564.png,0
idx3565.png,9
idx3566.png,4
idx3567.png,7
idx3568.png,2
idx3569.png,9
idx3570.png,8
idx3571.png,5
idx3572.png,0
idx3573.png,4
idx3574.png,9
idx3575.png,2
idx3576.png,3
idx3577.png,5
idx3578.png,9
idx3579.png,2
idx3580.png,9
idx3581.png,0
idx3582.png,4
idx3583.png,6
idx3584.png,5
idx3585.png,6
idx3586.png,7
idx3587.png,5
idx3588.png,4
idx3589.png,5
idx3590.png,8
idx3591.png,5
idx3592.png,1
idx3593.png,2
idx3594.png,9
idx3595.png,5
idx3596.png,3
idx3597.png,5
idx3598.png,3
idx3599.png,8
idx3600.png,4
idx3601.png,9
idx3602.png,7
idx3603.png,5
idx3604.png,5
idx3605.png,7
idx3606.png,1
idx3607.png,7
idx3608.png,8
idx3609.png,7
idx3610.png,8
idx3611.png,9
idx3612.png,4
idx3613.png,3
idx3614.png,9
idx3615.png,7
idx3616.png,8
idx3617.png,2
idx3618.png,0
idx3619.png,2
idx3620.png,6
idx3621.png,8
idx3622.png,9
idx3623.png,0
idx3624.png,2
idx3625.png,8
idx3626.png,2
idx3627.png,2
idx3628.png,9
idx3629.png,3
idx3630.png,3
idx3631.png,4
idx3632.png,7
idx3633.png,4
idx3634.png,5
idx3635.png,8
idx3636.png,8
idx3637.png,7
idx3638.png,7
idx3639.png,4
idx3640.png,2
idx3641.png,0
idx3642.png,4
idx3643.png,3
idx3644.png,7
idx3645.png,6
idx3646.png,8
idx3647.png,3
idx3648.png,1
idx3649.png,7
idx3650.png,2
idx3651.png,2
idx3652.png,7
idx3653.png,5
idx3654.png,2
idx3655.png,4
idx3656.png,8
idx3657.png,6
idx3658.png,8
idx3659.png,2
idx3660.png,8
idx3661.png,6
idx3662.png,7
idx3663.png,5
idx3664.png,9
idx3665.png,1
idx3666.png,9
idx3667.png,2
idx3668.png,4
idx3669.png,8
idx3670.png,8
idx3671.png,4
idx3672.png,2
idx3673.png,7
idx3674.png,1
idx3675.png,3
idx3676.png,3
idx3677.png,9
idx3678.png,8
idx3679.png,6
idx3680.png,7
idx3681.png,8
idx3682.png,5
idx3683.png,6
idx3684.png,8
idx3685.png,2
idx3686.png,9
idx3687.png,2
idx3688.png,3
idx3689.png,6
idx3690.png,7
idx3691.png,6
idx3692.png,7
idx3693.png,8
idx3694.png,2
idx3695.png,7
idx3696.png,9
idx3697.png,3
idx3698.png,9
idx3699.png,8
idx3700.png,8
idx3701.png,9
idx3702.png,2
idx3703.png,5
idx3704.png,9
idx3705.png,6
idx3706.png,5
idx3707.png,2
idx3708.png,3
idx3709.png,4
idx3710.png,7
idx3711.png,9
idx3712.png,7
idx3713.png,0
idx3714.png,5
idx3715.png,3
idx3716.png,7
idx3717.png,9
idx3718.png,5
idx3719.png,9
idx3720.png,8
idx3721.png,6
idx3722.png,6
idx3723.png,8
idx3724.png,5
idx3725.png,9
idx3726.png,0
idx3727.png,5
idx3728.png,0
idx3729.png,2
idx3730.png,3
idx3731.png,9
idx3732.png,7
idx3733.png,8
idx3734.png,9
idx3735.png,5
idx3736.png,9
idx3737.png,8
idx3738.png,7
idx3739.png,9
idx3740.png,6
idx3741.png,9
idx3742.png,4
idx3743.png,3
idx3744.png,7
idx3745.png,8
idx3746.png,4
idx3747.png,8
idx3748.png,3
idx3749.png,6
idx3750.png,4
idx3751.png,4
idx3752.png,2
idx3753.png,3
idx3754.png,9
idx3755.png,4
idx3756.png,2
idx3757.png,5
idx3758.png,9
idx3759.png,2
idx3760.png,5
idx3761.png,6
idx3762.png,7
idx3763.png,6
idx3764.png,5
idx3765.png,8
idx3766.png,2
idx3767.png,8
idx3768.png,1
idx3769.png,8
idx3770.png,3
idx3771.png,2
idx3772.png,0
idx3773.png,8
idx3774.png,6
idx3775.png,8
idx3776.png,5
idx3777.png,3
idx3778.png,8
idx3779.png,8
idx3780.png,8
idx3781.png,2
idx3782.png,5
idx3783.png,9
idx3784.png,3
idx3785.png,9
idx3786.png,6
idx3787.png,2
idx3788.png,5
idx3789.png,3
idx3790.png,5
idx3791.png,4
idx3792.png,3
idx3793.png,8
idx3794.png,4
idx3795.png,6
idx3796.png,4
idx3797.png,5
idx3798.png,3
idx3799.png,7
idx3800.png,4
idx3801.png,7
idx3802.png,9
idx3803.png,3
idx3804.png,7
idx3805.png,0
idx3806.png,9
idx3807.png,7
idx3808.png,0
idx3809.png,8
idx3810.png,3
idx3811.png,3
idx3812.png,4
idx3813.png,3
idx3814.png,2
idx3815.png,9
idx3816.png,7
idx3817.png,9
idx3818.png,2
idx3819.png,8
idx3820.png,3
idx3821.png,4
idx3822.png,5
idx3823.png,2
idx3824.png,8
idx3825.png,5
idx3826.png,2
idx3827.png,0
idx3828.png,9
idx3829.png,9
idx3830.png,4
idx3831.png,3
idx3832.png,5
idx3833.png,0
idx3834.png,8
idx3835.png,9
idx3836.png,8
idx3837.png,5
idx3838.png,1
idx3839.png,0
idx3840.png,7
idx3841.png,2
idx3842.png,4
idx3843.png,8
idx3844.png,3
idx3845.png,8
idx3846.png,9
idx3847.png,8
idx3848.png,6
idx3849.png,5
idx3850.png,9
idx3851.png,5
idx3852.png,8
idx3853.png,2
idx3854.png,4
idx3855.png,6
idx3856.png,2
idx3857.png,0
idx3858.png,7
idx3859.png,9
idx3860.png,2
idx3861.png,2
idx3862.png,3
idx3863.png,8
idx3864.png,6
idx3865.png,5
idx3866.png,7
idx3867.png,8
idx3868.png,9
idx3869.png,7
idx3870.png,4
idx3871.png,8
idx3872.png,7
idx3873.png,0
idx3874.png,8
idx3875.png,5
idx3876.png,4
idx3877.png,0
idx3878.png,5
idx3879.png,3
idx3880.png,3
idx3881.png,8
idx3882.png,9
idx3883.png,8
idx3884.png,7
idx3885.png,8
idx3886.png,8
idx3887.png,9
idx3888.png,7
idx3889.png,1
idx3890.png,4
idx3891.png,3
idx3892.png,2
idx3893.png,1
idx3894.png,4
idx3895.png,6
idx3896.png,6
idx3897.png,0
idx3898.png,8
idx3899.png,9
idx3900.png,7
idx3901.png,6
idx3902.png,9
idx3903.png,2
idx3904.png,8
idx3905.png,3
idx3906.png,3
idx3907.png,8
idx3908.png,8
idx3909.png,4
idx3910.png,8
idx3911.png,3
idx3912.png,9
idx3913.png,5
idx3914.png,9
idx3915.png,2
idx3916.png,7
idx3917.png,8
idx3918.png,5
idx3919.png,3
idx3920.png,7
idx3921.png,2
idx3922.png,3
idx3923.png,9
idx3924.png,9
idx3925.png,2
idx3926.png,4
idx3927.png,1
idx3928.png,3
idx3929.png,4
idx3930.png,8
idx3931.png,5
idx3932.png,3
idx3933.png,3
idx3934.png,5
idx3935.png,8
idx3936.png,0
idx3937.png,9
idx3938.png,3
idx3939.png,2
idx3940.png,0
idx3941.png,0
idx3942.png,6
idx3943.png,2
idx3944.png,6
idx3945.png,1
idx3946.png,7
idx3947.png,8
idx3948.png,9
idx3949.png,4
idx3950.png,0
idx3951.png,8
idx3952.png,8
idx3953.png,5
idx3954.png,9
idx3955.png,4
idx3956.png,6
idx3957.png,4
idx3958.png,8
idx3959.png,2
idx3960.png,4
idx3961.png,3
idx3962.png,7
idx3963.png,3
idx3964.png,5
idx3965.png,6
idx3966.png,7
idx3967.png,5
idx3968.png,7
idx3969.png,3
idx3970.png,9
idx3971.png,1
idx3972.png,8
idx3973.png,3
idx3974.png,5
idx3975.png,4
idx3976.png,4
idx3977.png,7
idx3978.png,6
idx3979.png,6
idx3980.png,0
idx3981.png,5
idx3982.png,9
idx3983.png,3
idx3984.png,9
idx3985.png,5
idx3986.png,2
idx3987.png,8
idx3988.png,9
idx3989.png,8
idx3990.png,7
idx3991.png,5
idx3992.png,5
idx3993.png,7
idx3994.png,7
idx3995.png,5
idx3996.png,2
idx3997.png,6
idx3998.png,8
idx3999.png,9
idx4000.png,0
idx4001.png,4
idx4002.png,4
idx4003.png,7
idx4004.png,0
idx4005.png,8
idx4006.png,9
idx4007.png,4
idx4008.png,4
idx4009.png,7
idx4010.png,7
idx4011.png,1
idx4012.png,2
idx4013.png,6
idx4014.png,3
idx4015.png,4
idx4016.png,8
idx4017.png,2
idx4018.png,0
idx4019.png,4
idx4020.png,4
idx4021.png,3
idx4022.png,8
idx4023.png,9
idx4024.png,5
idx4025.png,1
idx4026.png,9
idx4027.png,4
idx4028.png,9
idx4029.png,2
idx4030.png,7
idx4031.png,5
idx4032.png,4
idx4033.png,3
idx4034.png,2
idx4035.png,4
idx4036.png,9
idx4037.png,9
idx4038.png,7
idx4039.png,8
idx4040.png,2
idx4041.png,8
idx4042.png,0
idx4043.png,8
idx4044.png,4
idx4045.png,8
idx4046.png,9
idx4047.png,6
idx4048.png,3
idx4049.png,4
idx4050.png,9
idx4051.png,9
idx4052.png,8
idx4053.png,4
idx4054.png,4
idx4055.png,2
idx4056.png,8
idx4057.png,0
idx4058.png,4
idx4059.png,7
idx4060.png,8
idx4061.png,6
idx4062.png,6
idx4063.png,6
idx4064.png,3
idx4065.png,8
idx4066.png,3
idx4067.png,0
idx4068.png,8
idx4069.png,6
idx4070.png,2
idx4071.png,1
idx4072.png,7
idx4073.png,5
idx4074.png,8
idx4075.png,9
idx4076.png,5
idx4077.png,5
idx4078.png,6
idx4079.png,5
idx4080.png,9
idx4081.png,9
idx4082.png,2
idx4083.png,7
idx4084.png,8
idx4085.png,8
idx4086.png,8
idx4087.png,8
idx4088.png,6
idx4089.png,5
idx4090.png,5
idx4091.png,6
idx4092.png,4
idx4093.png,3
idx4094.png,4
idx4095.png,3
idx4096.png,5
idx4097.png,6
idx4098.png,7
idx4099.png,6
idx4100.png,2
idx4101.png,8
idx4102.png,9
idx4103.png,8
idx4104.png,1
idx4105.png,8
idx4106.png,0
idx4107.png,2
idx4108.png,5
idx4109.png,9
idx4110.png,4
idx4111.png,0
idx4112.png,2
idx4113.png,7
idx4114.png,6
idx4115.png,5
idx4116.png,1
idx4117.png,5
idx4118.png,2
idx4119.png,3
idx4120.png,4
idx4121.png,8
idx4122.png,9
idx4123.png,2
idx4124.png,0
idx4125.png,0
idx4126.png,3
idx4127.png,2
idx4128.png,3
idx4129.png,9
idx4130.png,9
idx4131.png,9
idx4132.png,7
idx4133.png,8
idx4134.png,7
idx4135.png,6
idx4136.png,9
idx4137.png,3
idx4138.png,6
idx4139.png,7
idx4140.png,8
idx4141.png,8
idx4142.png,3
idx4143.png,2
idx4144.png,6
idx4145.png,7
idx4146.png,4
idx4147.png,8
idx4148.png,9
idx4149.png,8
idx4150.png,5
idx4151.png,7
idx4152.png,8
idx4153.png,4
idx4154.png,7
idx4155.png,2
idx4156.png,9
idx4157.png,5
idx4158.png,3
idx4159.png,3
idx4160.png,6
idx4161.png,3
idx4162.png,0
idx4163.png,2
idx4164.png,7
idx4165.png,4
idx4166.png,4
idx4167.png,0
idx4168.png,8
idx4169.png,5
idx4170.png,3
idx4171.png,2
idx4172.png,4
idx4173.png,2
idx4174.png,3
idx4175.png,8
idx4176.png,4
idx4177.png,9
idx4178.png,2
idx4179.png,5
idx4180.png,8
idx4181.png,8
idx4182.png,3
idx4183.png,9
idx4184.png,2
idx4185.png,2
idx4186.png,0
idx4187.png,9
idx4188.png,4
idx4189.png,7
idx4190.png,1
idx4191.png,7
idx4192.png,5
idx4193.png,8
idx4194.png,3
idx4195.png,2
idx4196.png,8
idx4197.png,9
idx4198.png,5
idx4199.png,0
idx4200.png,6
idx4201.png,7
idx4202.png,9
idx4203.png,9
idx4204.png,2
idx4205.png,5
idx4206.png,3
idx4207.png,2
idx4208.png,4
idx4209.png,8
idx4210.png,7
idx4211.png,8
idx4212.png,6
idx4213.png,9
idx4214.png,2
idx4215.png,9
idx4216.png,2
idx4217.png,9
idx4218.png,0
idx4219.png,5
idx4220.png,2
idx4221.png,0
idx4222.png,2
idx4223.png,0
idx4224.png,9
idx4225.png,8
idx4226.png,8
idx4227.png,8
idx4228.png,7
idx4229.png,8
idx4230.png,7
idx4231.png,5
idx4232.png,4
idx4233.png,2
idx4234.png,8
idx4235.png,2
idx4236.png,7
idx4237.png,7
idx4238.png,0
idx4239.png,1
idx4240.png,9
idx4241.png,0
idx4242.png,4
idx4243.png,9
idx4244.png,9
idx4245.png,9
idx4246.png,7
idx4247.png,3
idx4248.png,2
idx4249.png,2
idx4250.png,7
idx4251.png,2
idx4252.png,8
idx4253.png,3
idx4254.png,8
idx4255.png,6
idx4256.png,9
idx4257.png,6
idx4258.png,9
idx4259.png,5
idx4260.png,8
idx4261.png,7
idx4262.png,5
idx4263.png,1
idx4264.png,8
idx4265.png,3
idx4266.png,8
idx4267.png,8
idx4268.png,9
idx4269.png,2
idx4270.png,7
idx4271.png,8
idx4272.png,3
idx4273.png,3
idx4274.png,2
idx4275.png,4
idx4276.png,9
idx4277.png,3
idx4278.png,5
idx4279.png,6
idx4280.png,3
idx4281.png,9
idx4282.png,4
idx4283.png,2
idx4284.png,7
idx4285.png,7
idx4286.png,6
idx4287.png,8
idx4288.png,8
idx4289.png,7
idx4290.png,8
idx4291.png,3
idx4292.png,2
idx4293.png,2
idx4294.png,3
idx4295.png,8
idx4296.png,3
idx4297.png,8
idx4298.png,4
idx4299.png,4
idx4300.png,7
idx4301.png,5
idx4302.png,9
idx4303.png,6
idx4304.png,5
idx4305.png,6
idx4306.png,7
idx4307.png,5
idx4308.png,7
idx4309.png,7
idx4310.png,7
idx4311.png,2
idx4312.png,8
idx4313.png,3
idx4314.png,7
idx4315.png,5
idx4316.png,9
idx4317.png,9
idx4318.png,2
idx4319.png,9
idx4320.png,9
idx4321.png,2
idx4322.png,9
idx4323.png,8
idx4324.png,4
idx4325.png,7
idx4326.png,4
idx4327.png,9
idx4328.png,3
idx4329.png,8
idx4330.png,7
idx4331.png,1
idx4332.png,6
idx4333.png,5
idx4334.png,7
idx4335.png,9
idx4336.png,7
idx4337.png,9
idx4338.png,4
idx4339.png,6
idx4340.png,6
idx4341.png,9
idx4342.png,7
idx4343.png,2
idx4344.png,2
idx4345.png,3
idx4346.png,4
idx4347.png,2
idx4348.png,9
idx4349.png,5
idx4350.png,7
idx4351.png,2
idx4352.png,8
idx4353.png,7
idx4354.png,7
idx4355.png,0
idx4356.png,8
idx4357.png,9
idx4358.png,1
idx4359.png,3
idx4360.png,8
idx4361.png,4
idx4362.png,7
idx4363.png,2
idx4364.png,8
idx4365.png,4
idx4366.png,9
idx4367.png,8
idx4368.png,3
idx4369.png,0
idx4370.png,8
idx4371.png,5
idx4372.png,7
idx4373.png,8
idx4374.png,3
idx4375.png,9
idx4376.png,7
idx4377.png,8
idx4378.png,8
idx4379.png,6
idx4380.png,5
idx4381.png,5
idx4382.png,1
idx4383.png,0
idx4384.png,2
idx4385.png,5
idx4386.png,7
idx4387.png,5
idx4388.png,4
idx4389.png,7
idx4390.png,2
idx4391.png,3
idx4392.png,9
idx4393.png,5
idx4394.png,8
idx4395.png,0
idx4396.png,2
idx4397.png,8
idx4398.png,4
idx4399.png,9
idx4400.png,2
idx4401.png,5
idx4402.png,3
idx4403.png,6
idx4404.png,8
idx4405.png,4
idx4406.png,2
idx4407.png,4
idx4408.png,1
idx4409.png,5
idx4410.png,9
idx4411.png,2
idx4412.png,8
idx4413.png,5
idx4414.png,9
idx4415.png,9
idx4416.png,5
idx4417.png,6
idx4418.png,5
idx4419.png,0
idx4420.png,7
idx4421.png,3
idx4422.png,0
idx4423.png,9
idx4424.png,9
idx4425.png,7
idx4426.png,9
idx4427.png,0
idx4428.png,8
idx4429.png,2
idx4430.png,0
idx4431.png,6
idx4432.png,5
idx4433.png,5
idx4434.png,8
idx4435.png,5
idx4436.png,5
idx4437.png,3
idx4438.png,0
idx4439.png,8
idx4440.png,2
idx4441.png,8
idx4442.png,2
idx4443.png,8
idx4444.png,0
idx4445.png,4
idx4446.png,6
idx4447.png,2
idx4448.png,8
idx4449.png,0
idx4450.png,2
idx4451.png,5
idx4452.png,4
idx4453.png,9
idx4454.png,3
idx4455.png,4
idx4456.png,6
idx4457.png,9
idx4458.png,9
idx4459.png,4
idx4460.png,7
idx4461.png,1
idx4462.png,1
idx4463.png,3
idx4464.png,2
idx4465.png,7
idx4466.png,7
idx4467.png,8
idx4468.png,2
idx4469.png,9
idx4470.png,6
idx4471.png,8
idx4472.png,4
idx4473.png,3
idx4474.png,2
idx4475.png,5
idx4476.png,9
idx4477.png,2
idx4478.png,4
idx4479.png,7
idx4480.png,8
idx4481.png,3
idx4482.png,5
idx4483.png,1
idx4484.png,6
idx4485.png,9
idx4486.png,7
idx4487.png,7
idx4488.png,5
idx4489.png,2
idx4490.png,8
idx4491.png,8
idx4492.png,5
idx4493.png,8
idx4494.png,9
idx4495.png,0
idx4496.png,9
idx4497.png,2
idx4498.png,5
idx4499.png,6
idx4500.png,3
idx4501.png,4
idx4502.png,5
idx4503.png,7
idx4504.png,5
idx4505.png,9
idx4506.png,8
idx4507.png,9
idx4508.png,9
idx4509.png,4
idx4510.png,5
idx4511.png,2
idx4512.png,9
idx4513.png,8
idx4514.png,9
idx4515.png,7
idx4516.png,3
idx4517.png,7
idx4518.png,5
idx4519.png,9
idx4520.png,8
idx4521.png,7
idx4522.png,5
idx4523.png,9
idx4524.png,2
idx4525.png,3
idx4526.png,7
idx4527.png,8
idx4528.png,9
idx4529.png,2
idx4530.png,0
idx4531.png,5
idx4532.png,0
idx4533.png,9
idx4534.png,5
idx4535.png,9
idx4536.png,5
idx4537.png,9
idx4538.png,9
idx4539.png,4
idx4540.png,4
idx4541.png,0
idx4542.png,4
idx4543.png,4
idx4544.png,3
idx4545.png,8
idx4546.png,4
idx4547.png,6
idx4548.png,0
idx4549.png,7
idx4550.png,9
idx4551.png,8
idx4552.png,8
idx4553.png,5
idx4554.png,5
idx4555.png,0
idx4556.png,5
idx4557.png,3
idx4558.png,9
idx4559.png,0
idx4560.png,9
idx4561.png,4
idx4562.png,3
idx4563.png,2
idx4564.png,7
idx4565.png,9
idx4566.png,3
idx4567.png,9
idx4568.png,9
idx4569.png,3
idx4570.png,8
idx4571.png,5
idx4572.png,2
idx4573.png,3
idx4574.png,4
idx4575.png,9
idx4576.png,9
idx4577.png,7
idx4578.png,2
idx4579.png,2
idx4580.png,8
idx4581.png,8
idx4582.png,9
idx4583.png,3
idx4584.png,7
idx4585.png,8
idx4586.png,9
idx4587.png,9
idx4588.png,2
idx4589.png,1
idx4590.png,3
idx4591.png,8
idx4592.png,5
idx4593.png,9
idx4594.png,9
idx4595.png,2
idx4596.png,3
idx4597.png,2
idx4598.png,3
idx4599.png,9
idx4600.png,4
idx4601.png,8
idx4602.png,2
idx4603.png,0
idx4604.png,7
idx4605.png,8
idx4606.png,8
idx4607.png,3
idx4608.png,9
idx4609.png,8
idx4610.png,6
idx4611.png,2
idx4612.png,2
idx4613.png,4
idx4614.png,3
idx4615.png,4
idx4616.png,6
idx4617.png,9
idx4618.png,0
idx4619.png,9
idx4620.png,1
idx4621.png,1
idx4622.png,0
idx4623.png,7
idx4624.png,9
idx4625.png,7
idx4626.png,5
idx4627.png,4
idx4628.png,0
idx4629.png,7
idx4630.png,7
idx4631.png,7
idx4632.png,6
idx4633.png,4
idx4634.png,2
idx4635.png,0
idx4636.png,8
idx4637.png,7
idx4638.png,6
idx4639.png,2
idx4640.png,2
idx4641.png,4
idx4642.png,7
idx4643.png,3
idx4644.png,4
idx4645.png,4
idx4646.png,9
idx4647.png,1
idx4648.png,8
idx4649.png,3
idx4650.png,9
idx4651.png,4
idx4652.png,0
idx4653.png,2
idx4654.png,1
idx4655.png,5
idx4656.png,9
idx4657.png,6
idx4658.png,2
idx4659.png,2
idx4660.png,6
idx4661.png,9
idx4662.png,7
idx4663.png,4
idx4664.png,6
idx4665.png,5
idx4666.png,4
idx4667.png,0
idx4668.png,1
idx4669.png,8
idx4670.png,5
idx4671.png,9
idx4672.png,2
idx4673.png,5
idx4674.png,9
idx4675.png,8
idx4676.png,5
idx4677.png,6
idx4678.png,1
idx4679.png,2
idx4680.png,3
idx4681.png,8
idx4682.png,3
idx4683.png,8
idx4684.png,0
idx4685.png,2
idx4686.png,3
idx4687.png,2
idx4688.png,5
idx4689.png,5
idx4690.png,9
idx4691.png,1
idx4692.png,8
idx4693.png,6
idx4694.png,3
idx4695.png,2
idx4696.png,0
idx4697.png,9
idx4698.png,1
idx4699.png,9
idx4700.png,0
idx4701.png,7
idx4702.png,0
idx4703.png,6
idx4704.png,7
idx4705.png,8
idx4706.png,2
idx4707.png,5
idx4708.png,0
idx4709.png,8
idx4710.png,5
idx4711.png,8
idx4712.png,3
idx4713.png,8
idx4714.png,6
idx4715.png,7
idx4716.png,8
idx4717.png,4
idx4718.png,8
idx4719.png,2
idx4720.png,8
idx4721.png,2
idx4722.png,1
idx4723.png,1
idx4724.png,1
idx4725.png,5
idx4726.png,8
idx4727.png,8
idx4728.png,2
idx4729.png,2
idx4730.png,2
idx4731.png,1
idx4732.png,4
idx4733.png,1
idx4734.png,3
idx4735.png,3
idx4736.png,8
idx4737.png,7
idx4738.png,4
idx4739.png,7
idx4740.png,9
idx4741.png,4
idx4742.png,3
idx4743.png,3
idx4744.png,5
idx4745.png,3
idx4746.png,7
idx4747.png,0
idx4748.png,5
idx4749.png,8
idx4750.png,7
idx4751.png,6
idx4752.png,2
idx4753.png,6
idx4754.png,8
idx4755.png,9
idx4756.png,3
idx4757.png,7
idx4758.png,5
idx4759.png,9
idx4760.png,1
idx4761.png,6
idx4762.png,4
idx4763.png,9
idx4764.png,9
idx4765.png,5
idx4766.png,8
idx4767.png,0
idx4768.png,3
idx4769.png,6
idx4770.png,4
idx4771.png,0
idx4772.png,4
idx4773.png,9
idx4774.png,3
idx4775.png,8
idx4776.png,0
idx4777.png,7
idx4778.png,5
idx4779.png,4
idx4780.png,4
idx4781.png,1
idx4782.png,8
idx4783.png,5
idx4784.png,7
idx4785.png,2
idx4786.png,4
idx4787.png,4
idx4788.png,4
idx4789.png,4
idx4790.png,4
idx4791.png,2
idx4792.png,2
idx4793.png,3
idx4794.png,5
idx4795.png,2
idx4796.png,8
idx4797.png,7
idx4798.png,3
idx4799.png,3
idx4800.png,2
idx4801.png,4
idx4802.png,4
idx4803.png,4
idx4804.png,7
idx4805.png,2
idx4806.png,2
idx4807.png,9
idx4808.png,7
idx4809.png,5
idx4810.png,7
idx4811.png,9
idx4812.png,5
idx4813.png,2
idx4814.png,2
idx4815.png,7
idx4816.png,8
idx4817.png,8
idx4818.png,6
idx4819.png,8
idx4820.png,0
idx4821.png,8
idx4822.png,5
idx4823.png,9
idx4824.png,9
idx4825.png,4
idx4826.png,9
idx4827.png,3
idx4828.png,2
idx4829.png,7
idx4830.png,5
idx4831.png,9
idx4832.png,7
idx4833.png,2
idx4834.png,9
idx4835.png,9
idx4836.png,8
idx4837.png,1
idx4838.png,9
idx4839.png,6
idx4840.png,9
idx4841.png,3
idx4842.png,9
idx4843.png,0
idx4844.png,0
idx4845.png,9
idx4846.png,6
idx4847.png,9
idx4848.png,3
idx4849.png,8
idx4850.png,3
idx4851.png,3
idx4852.png,8
idx4853.png,3
idx4854.png,3
idx4855.png,8
idx4856.png,4
idx4857.png,4
idx4858.png,9
idx4859.png,8
idx4860.png,4
idx4861.png,9
idx4862.png,9
idx4863.png,3
idx4864.png,4
idx4865.png,5
idx4866.png,4
idx4867.png,3
idx4868.png,3
idx4869.png,6
idx4870.png,9
idx4871.png,6
idx4872.png,5
idx4873.png,9
idx4874.png,2
idx4875.png,9
idx4876.png,0
idx4877.png,2
idx4878.png,5
idx4879.png,8
idx4880.png,3
idx4881.png,8
idx4882.png,9
idx4883.png,2
idx4884.png,9
idx4885.png,6
idx4886.png,4
idx4887.png,9
idx4888.png,0
idx4889.png,5
idx4890.png,7
idx4891.png,3
idx4892.png,5
idx4893.png,8
idx4894.png,9
idx4895.png,9
idx4896.png,7
idx4897.png,7
idx4898.png,7
idx4899.png,4
idx4900.png,5
idx4901.png,7
idx4902.png,4
idx4903.png,8
idx4904.png,0
idx4905.png,0
idx4906.png,9
idx4907.png,2
idx4908.png,3
idx4909.png,9
idx4910.png,3
idx4911.png,9
idx4912.png,3
idx4913.png,9
idx4914.png,7
idx4915.png,7
idx4916.png,5
idx4917.png,2
idx4918.png,4
idx4919.png,6
idx4920.png,5
idx4921.png,7
idx4922.png,0
idx4923.png,2
idx4924.png,8
idx4925.png,5
idx4926.png,5
idx4927.png,9
idx4928.png,2
idx4929.png,9
idx4930.png,8
idx4931.png,1
idx4932.png,8
idx4933.png,0
idx4934.png,6
idx4935.png,3
idx4936.png,7
idx4937.png,4
idx4938.png,2
idx4939.png,7
idx4940.png,2
idx4941.png,9
idx4942.png,9
idx4943.png,2
idx4944.png,2
idx4945.png,9
idx4946.png,5
idx4947.png,0
idx4948.png,6
idx4949.png,5
idx4950.png,9
idx4951.png,3
idx4952.png,5
idx4953.png,5
idx4954.png,3
idx4955.png,8
idx4956.png,2
idx4957.png,7
idx4958.png,2
idx4959.png,2
idx4960.png,2
idx4961.png,1
idx4962.png,5
idx4963.png,6
idx4964.png,8
idx4965.png,5
idx4966.png,8
idx4967.png,4
idx4968.png,0
idx4969.png,4
idx4970.png,8
idx4971.png,2
idx4972.png,9
idx4973.png,7
idx4974.png,8
idx4975.png,6
idx4976.png,4
idx4977.png,0
idx4978.png,6
idx4979.png,0
idx4980.png,3
idx4981.png,0
idx4982.png,4
idx4983.png,7
idx4984.png,7
idx4985.png,6
idx4986.png,4
idx4987.png,7
idx4988.png,5
idx4989.png,3
idx4990.png,9
idx4991.png,3
idx4992.png,4
idx4993.png,8
idx4994.png,9
idx4995.png,8
idx4996.png,7
idx4997.png,9
idx4998.png,3
idx4999.png,9
idx5000.png,0
